-- เพิ่มข้อมูลลงในตาราง Airport
	INSERT INTO Airport (airportID, airportName, road, province, district, subdistrict)
	VALUES
		('A-001', 'Suvarnabhumi Airport', '999 Suvarnabhumi Road', 'Samut Prakan', 'Bang Phli', 'Nong Prue'),
		('A-002', 'Don Mueang International Airport', '222 Vibhavadi Rangsit Road', 'Bangkok', 'Don Mueang', 'Don Mueang'),
		('A-003', 'Phuket International Airport', '222 Mai Khao', 'Phuket', 'Thalang', 'Mai Khao'),
		('A-004', 'Chiang Mai International Airport', '999 Mahidol Road', 'Chiang Mai', 'Mueang Chiang Mai', 'Suthep'),
		('A-005', 'Krabi International Airport', '999 Nuea Khlong', 'Krabi', 'Nuea Khlong', 'Nuea Khlong'),
		('A-006', 'Hat Yai International Airport', '999 Moo 3, Khlong La', 'Songkhla', 'Khlong Hoi Khong', 'Khlong Hoi Khong'),
		('A-007', 'U-Tapao Rayong-Pattaya International Airport', '999 Moo 7, Phla', 'Rayong', 'Ban Chang', 'Phla'),
		('A-008', 'Surat Thani Airport', '999 Chalok Rat Road', 'Surat Thani', 'Mueang Surat Thani', 'Bang Kung'),
		('A-009', 'Mae Fah Luang-Chiang Rai International Airport', '999 Moo 10, Phaholyothin Road', 'Chiang Rai', 'Mueang Chiang Rai', 'Wiang'),
		('A-010', 'Nakhon Si Thammarat Airport', '999 Khlong Hok Road', 'Nakhon Si Thammarat', 'Phra Nakhon Si Ayutthaya', 'Khlong Hok'),
		 ('A-011', 'Samui International Airport', '999 Moo 6, Bo Put', 'Surat Thani', 'Ko Samui', 'Bo Put'),
		('A-012', 'Hua Hin Airport', '999 Phetkasem Road', 'Prachuap Khiri Khan', 'Hua Hin', 'Hua Hin'),
		('A-013', 'Trang Airport', '999 Moo 3, Phetkasem Road', 'Trang', 'Mueang Trang', 'Yan Ta Khao'),
		('A-014', 'Nakhon Phanom Airport', '999 Chayangkun Road', 'Nakhon Phanom', 'Mueang Nakhon Phanom', 'Nai Mueang'),
		('A-015', 'Udon Thani International Airport', '999 Nong Na Kham', 'Udon Thani', 'Mueang Udon Thani', 'Nong Na Kham'),
		('A-016', 'Ubon Ratchathani Airport', '999 Luang Nuea', 'Ubon Ratchathani', 'Mueang Ubon Ratchathani', 'Nai Mueang'),
		('A-017', 'Nakhon Ratchasima Airport', '999 Mittraphap Road', 'Nakhon Ratchasima', 'Mueang Nakhon Ratchasima', 'Nai Mueang'),
		('A-018', 'Phitsanulok Airport', '999 Phitsanulok Nakorn Sawan Road', 'Phitsanulok', 'Mueang Phitsanulok', 'Nai Mueang'),
		('A-019', 'Hatyai International Airport', '999 Moo 3, Khlong La', 'Songkhla', 'Khlong Hoi Khong', 'Khlong Hoi Khong'),
		('A-020', 'Nan Nakhon Airport', '999 Airport Road', 'Nan', 'Mueang Nan', 'Nai Wiang'),
		('A-021', 'Sakon Nakhon Airport', '999 Airport Road', 'Sakon Nakhon', 'Mueang Sakon Nakhon', 'That Choeng Chum'),
		('A-022', 'Loei Airport', '999 Nong Bua Road', 'Loei', 'Mueang Loei', 'Nai Mueang'),
		('A-023', 'Ranong Airport', '999 Ranong Road', 'Ranong', 'Mueang Ranong', 'Nai Mueang'),
		('A-024', 'Buri Ram Airport', '999 Airport Road', 'Buri Ram', 'Mueang Buri Ram', 'Nai Mueang'),
		('A-025', 'Narathiwat Airport', '999 Airport Road', 'Narathiwat', 'Mueang Narathiwat', 'Mueang Narathiwat'),
		('A-026', 'Lampang Airport', '999 Tha Khon Yang Road', 'Lampang', 'Mueang Lampang', 'Nai Mueang'),
		('A-027', 'Mae Sot Airport', '999 Th Phahonyothin Road', 'Tak', 'Mae Sot', 'Tha Sai Luat'),
		('A-028', 'Mae Hong Son Airport', '999 Mae Sariang Road', 'Mae Hong Son', 'Mueang Mae Hong Son', 'Chong Kham'),
		('A-029', 'Khon Kaen Airport', '999 Maliwan Road', 'Khon Kaen', 'Mueang Khon Kaen', 'Nai Mueang'),
		('A-030', 'Hat Yai International Airport', '999 Moo 3, Khlong La', 'Songkhla', 'Khlong Hoi Khong', 'Khlong Hoi Khong');

-- เพิ่มข้อมูลลงในตาราง Companies
INSERT INTO Companies (companyID, companyName, road, province, district, subdistrict)
VALUES
    ('C-001', 'Thai Airways International', '99 Vibhavadi Rangsit Road', 'Bangkok', 'Chatuchak', 'Lak Si'),
    ('C-002', 'Bangkok Airways', '999 Moo 10, Vibhavadi Rangsit Road', 'Bangkok', 'Don Mueang', 'Don Mueang'),
    ('C-003', 'AirAsia', '999 Bangna-Trad Road', 'Samut Prakan', 'Bang Phli', 'Bang Phli'),
    ('C-004', 'Nok Air', '999 Vibhavadi Rangsit Road', 'Bangkok', 'Don Mueang', 'Don Mueang'),
    ('C-005', 'Thai Smile Airways', '999 Vibhavadi Rangsit Road', 'Bangkok', 'Don Mueang', 'Don Mueang'),
    ('C-006', 'Thai Lion Air', '999 Vibhavadi Rangsit Road', 'Bangkok', 'Don Mueang', 'Don Mueang'),
     ('C-007', 'Bangkok Airways', '999 Moo 6, Vibhavadi Rangsit Road', 'Bangkok', 'Don Mueang', 'Don Mueang'),
    ('C-008', 'NokScoot Airlines', '999 Vibhavadi Rangsit Road', 'Bangkok', 'Don Mueang', 'Don Mueang'),
    ('C-009', 'Thai AirAsia', '999 Bangna-Trad Road', 'Samut Prakan', 'Bang Phli', 'Bang Phli'),
    ('C-010', 'Mae Fah Luang Chiang Rai International Airport', '999 Moo 10, Ban Du', 'Chiang Rai', 'Mueang Chiang Rai', 'Ban Du'),
     ('C-011', 'Thai Vietjet Air', '999 Moo 6, Vibhavadi Rangsit Road', 'Bangkok', 'Don Mueang', 'Don Mueang'),
    ('C-012', 'Thai Lion Mentari Co. Ltd.', '999 Vibhavadi Rangsit Road', 'Bangkok', 'Don Mueang', 'Don Mueang'),
    ('C-013', 'Asia Atlantic Airlines', '999 Vibhavadi Rangsit Road', 'Bangkok', 'Don Mueang', 'Don Mueang'),
    ('C-014', 'Siam Air Transport', '999 Vibhavadi Rangsit Road', 'Bangkok', 'Don Mueang', 'Don Mueang'),
    ('C-015', 'Bangkok Air', '999 Moo 8, Vibhavadi Rangsit Road', 'Bangkok', 'Don Mueang', 'Don Mueang'),
    ('C-016', 'Nok Mini', '999 Vibhavadi Rangsit Road', 'Bangkok', 'Don Mueang', 'Don Mueang'),
    ('C-017', 'Happy Air', '999 Vibhavadi Rangsit Road', 'Bangkok', 'Don Mueang', 'Don Mueang'),
    ('C-018', 'Jet Asia Airways', '999 Moo 8, Vibhavadi Rangsit Road', 'Bangkok', 'Don Mueang', 'Don Mueang'),
    ('C-019', 'Orient Thai Airlines', '999 Vibhavadi Rangsit Road', 'Bangkok', 'Don Mueang', 'Don Mueang'),
    ('C-020', 'Siam Land Flying', '999 Vibhavadi Rangsit Road', 'Bangkok', 'Don Mueang', 'Don Mueang'),
    ('C-021', 'Thai Express Air Co. Ltd.', '999 Vibhavadi Rangsit Road', 'Bangkok', 'Don Mueang', 'Don Mueang'),
    ('C-022', 'Business Air Co. Ltd.', '999 Vibhavadi Rangsit Road', 'Bangkok', 'Don Mueang', 'Don Mueang'),
    ('C-023', 'Siam Seaplane', '999 Vibhavadi Rangsit Road', 'Bangkok', 'Don Mueang', 'Don Mueang'),
    ('C-024', 'Thai Sky Airlines', '999 Vibhavadi Rangsit Road', 'Bangkok', 'Don Mueang', 'Don Mueang'),
    ('C-025', 'City Airways', '999 Moo 8, Vibhavadi Rangsit Road', 'Bangkok', 'Don Mueang', 'Don Mueang'),
    ('C-026', 'Thai Tiger Airways', '999 Vibhavadi Rangsit Road', 'Bangkok', 'Don Mueang', 'Don Mueang'),
    ('C-027', 'Thailand Sky Airlines', '999 Vibhavadi Rangsit Road', 'Bangkok', 'Don Mueang', 'Don Mueang'),
    ('C-028', 'Fly 4 You Co. Ltd.', '999 Moo 8, Vibhavadi Rangsit Road', 'Bangkok', 'Don Mueang', 'Don Mueang'),
    ('C-029', 'Jusakul Air Service', '999 Vibhavadi Rangsit Road', 'Bangkok', 'Don Mueang', 'Don Mueang'),
    ('C-030', 'Aerothai Company Limited', '999 Vibhavadi Rangsit Road', 'Bangkok', 'Don Mueang', 'Don Mueang');

    

-- เพิ่มข้อมูลลงในตาราง Involvement
INSERT INTO Involvement (companyID, airportID)
VALUES
		('C-001', 'A-001'),
		('C-002', 'A-002'),
		('C-003', 'A-002'),
		('C-004', 'A-002'),
		('C-005', 'A-002'),
		('C-006', 'A-002'),
		('C-007', 'A-007'),
		('C-008', 'A-008'),
		('C-009', 'A-009'),
		('C-010', 'A-010'),
		('C-011', 'A-011'),
		('C-012', 'A-012'),
		('C-013', 'A-013'),
		('C-014', 'A-014'),
		('C-015', 'A-015'),
		('C-016', 'A-016'),
		('C-017', 'A-017'),
		('C-018', 'A-018'),
		('C-019', 'A-019'),
		('C-020', 'A-020');

-- เพิ่มข้อมูลลงในตาราง Airplanes
INSERT INTO Airplanes (airplaneID, airplaneName, Capacity, companyID)
VALUES
    ('AP-001', 'Boeing 777', 300, 'C-001'),
    ('AP-002', 'Airbus A320', 180, 'C-002'),
    ('AP-003', 'Airbus A330', 250, 'C-003'),
    ('AP-004', 'Boeing 737', 200, 'C-004'),
    ('AP-005', 'Airbus A320neo', 180, 'C-005'),
    ('AP-006', 'Boeing 737 MAX', 210, 'C-006'),
    ('AP-007', 'Airbus A320', 180, 'C-007'),
    ('AP-008', 'Boeing 787 Dreamliner', 250, 'C-008'),
    ('AP-009', 'Airbus A321neo', 200, 'C-009'),
    ('AP-010', 'Boeing 787-9 Dreamliner', 290, 'C-010'),
    ('AP-011', 'Airbus A350', 350, 'C-011'),
    ('AP-012', 'Boeing 777X', 375, 'C-012'),
    ('AP-013', 'Airbus A380', 550, 'C-013'),
    ('AP-014', 'Boeing 747', 416, 'C-014'),
    ('AP-015', 'Airbus A330neo', 260, 'C-015'),
    ('AP-016', 'Embraer E190', 114, 'C-016'),
    ('AP-017', 'Bombardier CRJ900', 90, 'C-017'),
    ('AP-018', 'ATR 72', 78, 'C-018'),
    ('AP-019', 'Sukhoi Superjet 100', 98, 'C-019'),
    ('AP-020', 'Cessna Citation X', 12, 'C-020'),
    ('AP-021', 'Dassault Falcon 7X', 16, 'C-021'),
    ('AP-022', 'Gulfstream G650', 19, 'C-022'),	
    ('AP-023', 'Bombardier Global 7500', 19, 'C-023'),
    ('AP-024', 'Embraer Phenom 100', 4, 'C-024'),
    ('AP-025', 'Cirrus Vision SF50', 5, 'C-025'),
    ('AP-026', 'Pilatus PC-12', 9, 'C-026'),
    ('AP-027', 'Beechcraft King Air 350', 11, 'C-027'),
    ('AP-028', 'Piper M600', 6, 'C-028'),
    ('AP-029', 'Diamond DA62', 7, 'C-029'),
    ('AP-030', 'Cessna Grand Caravan EX', 14, 'C-030'),
    ('AP-031', 'Airbus A319', 124, 'C-001'),
    ('AP-032', 'Boeing 737-800', 189, 'C-002'),
    ('AP-033', 'Embraer E175', 76, 'C-003'),
    ('AP-034', 'Bombardier CRJ700', 78, 'C-004'),
    ('AP-035', 'ATR 42', 48, 'C-005'),
    ('AP-036', 'Sukhoi Superjet 130', 108, 'C-006'),
    ('AP-037', 'Cessna Citation Latitude', 9, 'C-007'),
    ('AP-038', 'Gulfstream G550', 19, 'C-008'),
    ('AP-039', 'Embraer Legacy 450', 12, 'C-009'),
    ('AP-040', 'Bombardier Challenger 350', 8, 'C-010'),
    ('AP-041', 'Cirrus SR22', 4, 'C-011'),
    ('AP-042', 'Piper Malibu', 6, 'C-012'),
    ('AP-043', 'Diamond DA40', 4, 'C-013'),
    ('AP-044', 'Beechcraft Baron G58', 6, 'C-014'),
    ('AP-045', 'Cessna 172', 4, 'C-015'),
    ('AP-046', 'Boeing 767', 350, 'C-016'),
    ('AP-047', 'Airbus A310', 220, 'C-017'),
    ('AP-048', 'Airbus A340', 375, 'C-018'),
    ('AP-049', 'Embraer E195', 120, 'C-019'),
    ('AP-050', 'Boeing 757', 239, 'C-020'),
    ('AP-051', 'Airbus A321', 236, 'C-021'),
    ('AP-052', 'Boeing 737 MAX 9', 220, 'C-022'),
    ('AP-053', 'Embraer E195-E2', 132, 'C-023'),
    ('AP-054', 'Bombardier CRJ1000', 104, 'C-024'),
    ('AP-055', 'ATR 72-600', 78, 'C-025'),
    ('AP-056', 'Sukhoi Superjet 75', 75, 'C-026'),
    ('AP-057', 'Cessna Citation Sovereign', 12, 'C-027'),
    ('AP-058', 'Gulfstream G280', 19, 'C-028'),
    ('AP-059', 'Embraer Legacy 500', 12, 'C-029'),
    ('AP-060', 'Bombardier Challenger 650', 12, 'C-030'),
    ('AP-061', 'Cirrus SR20', 3, 'C-001'),
    ('AP-062', 'Piper Archer', 4, 'C-002'),
    ('AP-063', 'Diamond DA20', 2, 'C-003'),
    ('AP-064', 'Beechcraft Bonanza', 6, 'C-004'),
    ('AP-065', 'Cessna 152', 2, 'C-005'),
    ('AP-066', 'Boeing 777-200LR', 317, 'C-006'),
    ('AP-067', 'Airbus A330-200', 246, 'C-007'),
    ('AP-068', 'Airbus A340-300', 295, 'C-008'),
    ('AP-069', 'Embraer E190-E2', 114, 'C-009'),
    ('AP-070', 'Boeing 757-200', 239, 'C-010'),
    ('AP-071', 'Airbus A318', 107, 'C-011'),
    ('AP-072', 'Boeing 737 MAX 7', 172, 'C-012'),
    ('AP-073', 'Embraer E170', 78, 'C-013'),
    ('AP-074', 'Bombardier CRJ200', 50, 'C-014'),
    ('AP-075', 'ATR 42-600', 48, 'C-015'),
    ('AP-076', 'Sukhoi Superjet 90', 90, 'C-016'),
    ('AP-077', 'Cessna Citation M2', 6, 'C-017'),
    ('AP-078', 'Gulfstream G450', 16, 'C-018'),
    ('AP-079', 'Embraer Phenom 300', 6, 'C-019'),
    ('AP-080', 'Bombardier Challenger 605', 9, 'C-020'),
    ('AP-081', 'Cirrus SR22T', 4, 'C-021'),
    ('AP-082', 'Piper Dakota', 4, 'C-022'),
    ('AP-083', 'Diamond DA42', 4, 'C-023'),
    ('AP-084', 'Beechcraft Baron G58', 6, 'C-024'),
    ('AP-085', 'Cessna 182', 4, 'C-025'),
    ('AP-086', 'Boeing 777-300ER', 396, 'C-026'),
    ('AP-087', 'Airbus A330-300', 296, 'C-027'),
    ('AP-088', 'Airbus A350-900', 325, 'C-028'),
    ('AP-089', 'Embraer E175-E2', 88, 'C-029'),
    ('AP-090', 'Boeing 767-300ER', 261, 'C-030'),
    ('AP-091', 'Airbus A319neo', 160, 'C-001'),
    ('AP-092', 'Boeing 737 MAX 10', 230, 'C-002'),
    ('AP-093', 'Embraer E190', 106, 'C-003'),
    ('AP-094', 'Bombardier CRJ550', 50, 'C-004'),
    ('AP-095', 'ATR 42-500', 48, 'C-005'),
    ('AP-096', 'Sukhoi Superjet 95', 95, 'C-006'),
    ('AP-097', 'Cessna Citation CJ4', 6, 'C-007'),
    ('AP-098', 'Gulfstream G500', 19, 'C-008'),
    ('AP-099', 'Embraer Phenom 100 EV', 4, 'C-009'),
    ('AP-100', 'Bombardier Challenger 300', 9, 'C-010');

    

-- เพิ่มข้อมูลลงในตาราง Flights
INSERT INTO Flights (flightID, destination, departureTime, arrivalTime, airplaneID)
VALUES
    ('F-001', 'Chiang Mai', '08:00', '09:30', 'AP-001'),
    ('F-002', 'Phuket', '10:00', '11:30', 'AP-002'),
    ('F-003', 'Krabi', '12:00', '13:30', 'AP-003'),
     ('F-004', 'Phuket', '10:30', '12:00', 'AP-004'),
    ('F-005', 'Krabi', '13:00', '14:30', 'AP-005'),
    ('F-006', 'Hat Yai', '15:00', '16:30', 'AP-006'),
    ('F-007', 'Pattaya', '11:00', '12:30', 'AP-007'),
    ('F-008', 'Koh Samui', '13:00', '14:30', 'AP-008'),
    ('F-009', 'Chiang Rai', '15:00', '16:30', 'AP-009'),
    ('F-010', 'Chiang Rai', '13:30', '15:00', 'AP-010'),
     ('F-011', 'Phuket', '08:30', '10:00', 'AP-011'),
    ('F-012', 'Chiang Mai', '09:00', '10:30', 'AP-012'),
    ('F-013', 'Bangkok', '10:30', '12:00', 'AP-013'),
    ('F-014', 'Krabi', '11:00', '12:30', 'AP-014'),
    ('F-015', 'Chiang Mai', '12:30', '14:00', 'AP-015'),
    ('F-016', 'Phuket', '13:00', '14:30', 'AP-016'),
    ('F-017', 'Koh Samui', '14:30', '16:00', 'AP-017'),
    ('F-018', 'Chiang Rai', '15:00', '16:30', 'AP-018'),
    ('F-019', 'Hat Yai', '16:30', '18:00', 'AP-019'),
    ('F-020', 'Bangkok', '17:00', '18:30', 'AP-020'),
    ('F-021', 'Krabi', '08:00', '09:30', 'AP-021'),
    ('F-022', 'Chiang Mai', '09:30', '11:00', 'AP-022'),
    ('F-023', 'Pattaya', '10:00', '11:30', 'AP-023'),
    ('F-024', 'Koh Samui', '11:30', '13:00', 'AP-024'),
    ('F-025', 'Chiang Rai', '12:00', '13:30', 'AP-025'),
    ('F-026', 'Hat Yai', '13:30', '15:00', 'AP-026'),
    ('F-027', 'Phuket', '14:00', '15:30', 'AP-027'),
    ('F-028', 'Bangkok', '15:30', '17:00', 'AP-028'),
    ('F-029', 'Krabi', '16:00', '17:30', 'AP-029'),
    ('F-030', 'Chiang Mai', '17:30', '19:00', 'AP-030'),
    ('F-031', 'Phuket', '08:30', '10:00', 'AP-031'),
    ('F-032', 'Chiang Mai', '09:00', '10:30', 'AP-032'),
    ('F-033', 'Bangkok', '10:30', '12:00', 'AP-033'),
    ('F-034', 'Krabi', '11:00', '12:30', 'AP-034'),
    ('F-035', 'Chiang Mai', '12:30', '14:00', 'AP-035'),
    ('F-036', 'Phuket', '13:00', '14:30', 'AP-036'),
    ('F-037', 'Koh Samui', '14:30', '16:00', 'AP-037'),
    ('F-038', 'Chiang Rai', '15:00', '16:30', 'AP-038'),
    ('F-039', 'Hat Yai', '16:30', '18:00', 'AP-039'),
    ('F-040', 'Bangkok', '17:00', '18:30', 'AP-040'),
    ('F-041', 'Krabi', '08:00', '09:30', 'AP-041'),
    ('F-042', 'Chiang Mai', '09:30', '11:00', 'AP-042'),
    ('F-043', 'Pattaya', '10:00', '11:30', 'AP-043'),
    ('F-044', 'Koh Samui', '11:30', '13:00', 'AP-044'),
    ('F-045', 'Chiang Rai', '12:00', '13:30', 'AP-045'),
    ('F-046', 'Hat Yai', '13:30', '15:00', 'AP-046'),
    ('F-047', 'Phuket', '14:00', '15:30', 'AP-047'),
    ('F-048', 'Bangkok', '15:30', '17:00', 'AP-048'),
    ('F-049', 'Krabi', '16:00', '17:30', 'AP-049'),
    ('F-050', 'Chiang Mai', '17:30', '19:00', 'AP-050'),
     ('F-051', 'Chiang Mai', '08:00', '09:30', 'AP-051'),
    ('F-052', 'Phuket', '10:00', '11:30', 'AP-052'),
    ('F-053', 'Krabi', '12:00', '13:30', 'AP-053'),
    ('F-054', 'Phuket', '10:30', '12:00', 'AP-054'),
    ('F-055', 'Krabi', '13:00', '14:30', 'AP-055'),
    ('F-056', 'Hat Yai', '15:00', '16:30', 'AP-056'),
    ('F-057', 'Pattaya', '11:00', '12:30', 'AP-057'),
    ('F-058', 'Koh Samui', '13:00', '14:30', 'AP-058'),
    ('F-059', 'Chiang Rai', '15:00', '16:30', 'AP-059'),
    ('F-060', 'Chiang Rai', '13:30', '15:00', 'AP-060'),
    ('F-061', 'Phuket', '08:30', '10:00', 'AP-061'),
    ('F-062', 'Chiang Mai', '09:00', '10:30', 'AP-062'),
    ('F-063', 'Bangkok', '10:30', '12:00', 'AP-063'),
    ('F-064', 'Krabi', '11:00', '12:30', 'AP-064'),
    ('F-065', 'Chiang Mai', '12:30', '14:00', 'AP-065'),
    ('F-066', 'Phuket', '13:00', '14:30', 'AP-066'),
    ('F-067', 'Koh Samui', '14:30', '16:00', 'AP-067'),
    ('F-068', 'Chiang Rai', '15:00', '16:30', 'AP-068'),
    ('F-069', 'Hat Yai', '16:30', '18:00', 'AP-069'),
    ('F-070', 'Bangkok', '17:00', '18:30', 'AP-070'),
    ('F-071', 'Krabi', '08:00', '09:30', 'AP-071'),
    ('F-072', 'Chiang Mai', '09:30', '11:00', 'AP-072'),
    ('F-073', 'Pattaya', '10:00', '11:30', 'AP-073'),
    ('F-074', 'Koh Samui', '11:30', '13:00', 'AP-074'),
    ('F-075', 'Chiang Rai', '12:00', '13:30', 'AP-075'),
    ('F-076', 'Hat Yai', '13:30', '15:00', 'AP-076'),
    ('F-077', 'Phuket', '14:00', '15:30', 'AP-077'),
    ('F-078', 'Bangkok', '15:30', '17:00', 'AP-078'),
    ('F-079', 'Krabi', '16:00', '17:30', 'AP-079'),
    ('F-080', 'Chiang Mai', '17:30', '19:00', 'AP-080'),
    ('F-081', 'Phuket', '08:30', '10:00', 'AP-081'),
    ('F-082', 'Chiang Mai', '09:00', '10:30', 'AP-082'),
    ('F-083', 'Bangkok', '10:30', '12:00', 'AP-083'),
    ('F-084', 'Krabi', '11:00', '12:30', 'AP-084'),
    ('F-085', 'Chiang Mai', '12:30', '14:00', 'AP-085'),
    ('F-086', 'Phuket', '13:00', '14:30', 'AP-086'),
    ('F-087', 'Koh Samui', '14:30', '16:00', 'AP-087'),
    ('F-088', 'Chiang Rai', '15:00', '16:30', 'AP-088'),
    ('F-089', 'Hat Yai', '16:30', '18:00', 'AP-089'),
    ('F-090', 'Bangkok', '17:00', '18:30', 'AP-090');

-- เพิ่มข้อมูลลงในตาราง Employees
INSERT INTO Employees (EmployeesID, EmployeesName, WorkSchcedule, salary, JobPositions)
VALUES
    ('E-001', 'John Doe', '7.00 - 15.00', 25000, 'Pilot'),
    ('E-002', 'Jane Doe', '9.00 - 17.00', 20000, 'Flight Attendant'),
    ('E-003', 'Jessica Johnson', '8.00 - 16.00', 22000, 'Pilot'),
    ('E-004', 'Daniel Brown', '9.00 - 17.00', 18000, 'Flight Attendant'),
    ('E-005', 'Sophia Garcia', '10.00 - 18.00', 19000, 'Ground Crew'),
     ('E-006', 'Matthew Wilson', '8.00 - 16.00', 22000, 'Pilot'),
    ('E-007', 'Emma Garcia', '9.00 - 17.00', 18000, 'Flight Attendant'),
    ('E-008', 'Liam Martinez', '10.00 - 18.00', 19000, 'Ground Crew'),
    ('E-009', 'Emily Taylor', '9.00 - 17.00', 18000, 'Flight Attendant'),
    ('E-010', 'Jack Taylor', '9.00 - 17.00', 18000, 'Flight Attendant'),
    ('E-011', 'Olivia Smith', '8.00 - 16.00', 22000, 'Pilot'),
    ('E-012', 'William Johnson', '9.00 - 17.00', 18000, 'Flight Attendant'),
    ('E-013', 'Isabella Martinez', '10.00 - 18.00', 19000, 'Ground Crew'),
    ('E-014', 'Mason Brown', '9.00 - 17.00', 18000, 'Flight Attendant'),
    ('E-015', 'Ava Wilson', '10.00 - 18.00', 19000, 'Ground Crew'),
    ('E-016', 'Ethan Davis', '8.00 - 16.00', 22000, 'Pilot'),
    ('E-017', 'Amelia Garcia', '9.00 - 17.00', 18000, 'Flight Attendant'),
    ('E-018', 'Alexander Martinez', '10.00 - 18.00', 19000, 'Ground Crew'),
    ('E-019', 'Charlotte Taylor', '9.00 - 17.00', 18000, 'Flight Attendant'),
    ('E-020', 'Benjamin Taylor', '9.00 - 17.00', 18000, 'Flight Attendant'),
    ('E-021', 'Ella Johnson', '8.00 - 16.00', 22000, 'Pilot'),
    ('E-022', 'James Martinez', '9.00 - 17.00', 18000, 'Flight Attendant'),
    ('E-023', 'Jackson Wilson', '10.00 - 18.00', 19000, 'Ground Crew'),
    ('E-024', 'Madison Brown', '9.00 - 17.00', 18000, 'Flight Attendant'),
    ('E-025', 'Scarlett Garcia', '10.00 - 18.00', 19000, 'Ground Crew'),
    ('E-026', 'Michael Johnson', '8.00 - 16.00', 22000, 'Pilot'),
    ('E-027', 'Grace Martinez', '9.00 - 17.00', 18000, 'Flight Attendant'),
    ('E-028', 'Lucas Taylor', '10.00 - 18.00', 19000, 'Ground Crew'),
    ('E-029', 'Lily Taylor', '9.00 - 17.00', 18000, 'Flight Attendant'),
    ('E-030', 'Logan Smith', '9.00 - 17.00', 18000, 'Flight Attendant'),
     ('E-031', 'Noah Davis', '8.00 - 16.00', 22000, 'Pilot'),
    ('E-032', 'Chloe Garcia', '9.00 - 17.00', 18000, 'Flight Attendant'),
    ('E-033', 'Ryan Martinez', '10.00 - 18.00', 19000, 'Ground Crew'),
    ('E-034', 'Sophia Wilson', '9.00 - 17.00', 18000, 'Flight Attendant'),
    ('E-035', 'Aiden Brown', '10.00 - 18.00', 19000, 'Ground Crew'),
    ('E-036', 'Mia Johnson', '8.00 - 16.00', 22000, 'Pilot'),
    ('E-037', 'Elijah Martinez', '9.00 - 17.00', 18000, 'Flight Attendant'),
    ('E-038', 'Charlotte Taylor', '10.00 - 18.00', 19000, 'Ground Crew'),
    ('E-039', 'Harper Taylor', '9.00 - 17.00', 18000, 'Flight Attendant'),
    ('E-040', 'Carter Smith', '9.00 - 17.00', 18000, 'Flight Attendant'),
    ('E-041', 'Amelia Johnson', '8.00 - 16.00', 22000, 'Pilot'),
    ('E-042', 'Liam Martinez', '9.00 - 17.00', 18000, 'Flight Attendant'),
    ('E-043', 'Evelyn Wilson', '10.00 - 18.00', 19000, 'Ground Crew'),
    ('E-044', 'Mason Brown', '9.00 - 17.00', 18000, 'Flight Attendant'),
    ('E-045', 'Oliver Garcia', '10.00 - 18.00', 19000, 'Ground Crew'),
    ('E-046', 'Ethan Johnson', '8.00 - 16.00', 22000, 'Pilot'),
    ('E-047', 'Emma Martinez', '9.00 - 17.00', 18000, 'Flight Attendant'),
    ('E-048', 'Jacob Taylor', '10.00 - 18.00', 19000, 'Ground Crew'),
    ('E-049', 'Ava Taylor', '9.00 - 17.00', 18000, 'Flight Attendant'),
    ('E-050', 'William Smith', '9.00 - 17.00', 18000, 'Flight Attendant'),
     ('E-051', 'Sophia Davis', '8.00 - 16.00', 22000, 'Pilot'),
    ('E-052', 'Lucas Garcia', '9.00 - 17.00', 18000, 'Flight Attendant'),
    ('E-053', 'Ella Martinez', '10.00 - 18.00', 19000, 'Ground Crew'),
    ('E-054', 'Ethan Brown', '9.00 - 17.00', 18000, 'Flight Attendant'),
    ('E-055', 'Madison Johnson', '9.00 - 17.00', 18000, 'Flight Attendant'),
    ('E-056', 'Aiden Wilson', '8.00 - 16.00', 22000, 'Pilot'),
    ('E-057', 'Olivia Garcia', '9.00 - 17.00', 18000, 'Flight Attendant'),
    ('E-058', 'Liam Martinez', '10.00 - 18.00', 19000, 'Ground Crew'),
    ('E-059', 'Charlotte Taylor', '9.00 - 17.00', 18000, 'Flight Attendant'),
    ('E-060', 'Benjamin Taylor', '9.00 - 17.00', 18000, 'Flight Attendant'),
    ('E-061', 'Ava Johnson', '8.00 - 16.00', 22000, 'Pilot'),
    ('E-062', 'James Garcia', '9.00 - 17.00', 18000, 'Flight Attendant'),
    ('E-063', 'Jackson Martinez', '10.00 - 18.00', 19000, 'Ground Crew'),
    ('E-064', 'Scarlett Brown', '9.00 - 17.00', 18000, 'Flight Attendant'),
    ('E-065', 'Michael Johnson', '10.00 - 18.00', 19000, 'Ground Crew'),
    ('E-066', 'Grace Davis', '8.00 - 16.00', 22000, 'Pilot'),
    ('E-067', 'Lucas Garcia', '9.00 - 17.00', 18000, 'Flight Attendant'),
    ('E-068', 'Lily Martinez', '10.00 - 18.00', 19000, 'Ground Crew'),
    ('E-069', 'Logan Taylor', '9.00 - 17.00', 18000, 'Flight Attendant'),
    ('E-070', 'Noah Taylor', '9.00 - 17.00', 18000, 'Flight Attendant'),
    ('E-071', 'Chloe Johnson', '8.00 - 16.00', 22000, 'Pilot'),
    ('E-072', 'Ryan Garcia', '9.00 - 17.00', 18000, 'Flight Attendant'),
    ('E-073', 'Sophia Martinez', '10.00 - 18.00', 19000, 'Ground Crew'),
    ('E-074', 'Aiden Brown', '9.00 - 17.00', 18000, 'Flight Attendant'),
    ('E-075', 'Mia Johnson', '10.00 - 18.00', 19000, 'Ground Crew'),
    ('E-076', 'Elijah Davis', '8.00 - 16.00', 22000, 'Pilot'),
    ('E-077', 'Emma Garcia', '9.00 - 17.00', 18000, 'Flight Attendant'),
    ('E-078', 'Charlotte Martinez', '10.00 - 18.00', 19000, 'Ground Crew'),
    ('E-079', 'Harper Taylor', '9.00 - 17.00', 18000, 'Flight Attendant'),
    ('E-080', 'Carter Smith', '9.00 - 17.00', 18000, 'Flight Attendant'),
    ('E-081', 'Amelia Johnson', '8.00 - 16.00', 22000, 'Pilot'),
    ('E-082', 'Liam Garcia', '9.00 - 17.00', 18000, 'Flight Attendant'),
    ('E-083', 'Evelyn Wilson', '10.00 - 18.00', 19000, 'Ground Crew'),
    ('E-084', 'Mason Brown', '9.00 - 17.00', 18000, 'Flight Attendant'),
    ('E-085', 'Oliver Garcia', '10.00 - 18.00', 19000, 'Ground Crew'),
    ('E-086', 'Ethan Johnson', '8.00 - 16.00', 22000, 'Pilot'),
    ('E-087', 'Emma Martinez', '9.00 - 17.00', 18000, 'Flight Attendant'),
    ('E-088', 'Jacob Taylor', '10.00 - 18.00', 19000, 'Ground Crew'),
    ('E-089', 'Ava Taylor', '9.00 - 17.00', 18000, 'Flight Attendant'),
    ('E-090', 'William Smith', '9.00 - 17.00', 18000, 'Flight Attendant'),
    ('E-091', 'Sophia Davis', '8.00 - 16.00', 22000, 'Pilot'),
    ('E-092', 'Lucas Garcia', '9.00 - 17.00', 18000, 'Flight Attendant'),
    ('E-093', 'Ella Martinez', '10.00 - 18.00', 19000, 'Ground Crew'),
    ('E-094', 'Ethan Brown', '9.00 - 17.00', 18000, 'Flight Attendant'),
    ('E-095', 'Madison Johnson', '9.00 - 17.00', 18000, 'Flight Attendant'),
    ('E-096', 'Aiden Wilson', '8.00 - 16.00', 22000, 'Pilot'),
    ('E-097', 'Olivia Garcia', '9.00 - 17.00', 18000, 'Flight Attendant'),
    ('E-098', 'Liam Martinez', '10.00 - 18.00', 19000, 'Ground Crew'),
    ('E-099', 'Charlotte Taylor', '9.00 - 17.00', 18000, 'Flight Attendant'),
    ('E-100', 'Benjamin Taylor', '9.00 - 17.00', 18000, 'Flight Attendant');


INSERT INTO EmployeesFlight (flightid, employeesid)
VALUES
    ('F-001', 'E-001'), ('F-001', 'E-002'), ('F-001', 'E-003'), ('F-002', 'E-004'), ('F-002', 'E-005'),
    ('F-003', 'E-006'), ('F-003', 'E-007'), ('F-004', 'E-008'), ('F-004', 'E-009'), ('F-005', 'E-010'),
    ('F-005', 'E-011'), ('F-006', 'E-012'), ('F-006', 'E-013'), ('F-007', 'E-014'), ('F-007', 'E-015'),
    ('F-008', 'E-016'), ('F-008', 'E-017'), ('F-009', 'E-018'), ('F-009', 'E-019'), ('F-010', 'E-020'),
    ('F-010', 'E-021'), ('F-011', 'E-022'), ('F-011', 'E-023'), ('F-012', 'E-024'), ('F-012', 'E-025'),
    ('F-013', 'E-026'), ('F-013', 'E-027'), ('F-014', 'E-028'), ('F-014', 'E-029'), ('F-015', 'E-030'),
    ('F-015', 'E-031'), ('F-016', 'E-032'), ('F-016', 'E-033'), ('F-017', 'E-034'), ('F-017', 'E-035'),
    ('F-018', 'E-036'), ('F-018', 'E-037'), ('F-019', 'E-038'), ('F-019', 'E-039'), ('F-020', 'E-040'),
    ('F-020', 'E-041'), ('F-021', 'E-042'), ('F-021', 'E-043'), ('F-022', 'E-044'), ('F-022', 'E-045'),
    ('F-023', 'E-046'), ('F-023', 'E-047'), ('F-024', 'E-048'), ('F-024', 'E-049'), ('F-025', 'E-050'),
    ('F-025', 'E-051'), ('F-026', 'E-052'), ('F-026', 'E-053'), ('F-027', 'E-054'), ('F-027', 'E-055'),
    ('F-028', 'E-056'), ('F-028', 'E-057'), ('F-029', 'E-058'), ('F-029', 'E-059'), ('F-030', 'E-060'),
    ('F-030', 'E-061'), ('F-031', 'E-062'), ('F-031', 'E-063'), ('F-032', 'E-064'), ('F-032', 'E-065'),
    ('F-033', 'E-066'), ('F-033', 'E-067'), ('F-034', 'E-068'), ('F-034', 'E-069'), ('F-035', 'E-070'),
    ('F-035', 'E-071'), ('F-036', 'E-072'), ('F-036', 'E-073'), ('F-037', 'E-074'), ('F-037', 'E-075'),
    ('F-038', 'E-076'), ('F-038', 'E-077'), ('F-039', 'E-078'), ('F-039', 'E-079'), ('F-040', 'E-080'),
    ('F-040', 'E-081'), ('F-041', 'E-082'), ('F-041', 'E-083'), ('F-042', 'E-084'), ('F-042', 'E-085'),
    ('F-043', 'E-086'), ('F-043', 'E-087'), ('F-044', 'E-088'), ('F-044', 'E-089'), ('F-045', 'E-090');	

	
-- เพิ่มข้อมูลลงในตาราง Passengers
INSERT INTO Passengers (passengerID, passengerName, nationality, weigthBeg)
VALUES
    ('P-001', 'Alice Smith', 'Thai', 15),
    ('P-002', 'Bob Johnson', 'American', 20),
     ('P-003', 'David Lee', 'Korean', 18),
    ('P-004', 'Emma Martinez', 'Spanish', 22),
    ('P-005', 'Sophia Rodriguez', 'Thai', 17),
    ('P-006', 'Mason Brown', 'American', 21),
    ('P-007', 'Thomas Lee', 'British', 20),
    ('P-008', 'Natalie Clark', 'Australian', 25),
     ('P-009', 'William Clark', 'British', 22),
     ('P-010', 'Erygod Eye', 'Thailand', 21),
      ('P-011', 'Olivia Wilson', 'Australian', 23),
    ('P-012', 'Alexander Taylor', 'Canadian', 19),
    ('P-013', 'Liam Garcia', 'Irish', 18),
    ('P-014', 'Ava Rodriguez', 'Thai', 16),
    ('P-015', 'Mia Brown', 'American', 20),
    ('P-016', 'Lucas Martinez', 'Spanish', 22),
    ('P-017', 'Isabella Lee', 'British', 19),
    ('P-018', 'Oliver Clark', 'Australian', 24),
    ('P-019', 'Elijah Smith', 'Canadian', 18),
    ('P-020', 'Charlotte Johnson', 'Irish', 17),
    ('P-021', 'Amelia Taylor', 'British', 21),
    ('P-022', 'Benjamin Wilson', 'Thai', 15),
    ('P-023', 'Ethan Garcia', 'American', 19),
    ('P-024', 'Harper Martinez', 'Spanish', 21),
    ('P-025', 'Evelyn Lee', 'British', 20),
    ('P-026', 'James Clark', 'Australian', 23),
    ('P-027', 'Michael Smith', 'Canadian', 17),
    ('P-028', 'Abigail Johnson', 'Irish', 16),
    ('P-029', 'Emily Taylor', 'British', 22),
    ('P-030', 'Matthew Wilson', 'Thai', 18),
    ('P-031', 'William Brown', 'American', 20),
    ('P-032', 'Sophia Martinez', 'Spanish', 22),
    ('P-033', 'Daniel Lee', 'British', 19),
    ('P-034', 'Emma Clark', 'Australian', 24),
    ('P-035', 'Liam Smith', 'Canadian', 18),
    ('P-036', 'Olivia Johnson', 'Irish', 17),
    ('P-037', 'Alexander Taylor', 'Thai', 15),
    ('P-038', 'Ava Garcia', 'American', 21),
    ('P-039', 'Lucas Wilson', 'Spanish', 23),
    ('P-040', 'Isabella Lee', 'British', 20),
    ('P-041', 'Oliver Taylor', 'Australian', 25),
    ('P-042', 'Elijah Smith', 'Canadian', 19),
    ('P-043', 'Charlotte Johnson', 'Irish', 16),
    ('P-044', 'Amelia Martinez', 'British', 22),
    ('P-045', 'Benjamin Wilson', 'Thai', 18),
    ('P-046', 'Ethan Garcia', 'American', 20),
    ('P-047', 'Harper Martinez', 'Spanish', 22),
    ('P-048', 'Evelyn Lee', 'British', 21),
    ('P-049', 'James Clark', 'Australian', 24),
    ('P-050', 'Michael Smith', 'Canadian', 17),
    ('P-051', 'Abigail Johnson', 'Irish', 15),
    ('P-052', 'Emily Taylor', 'British', 20),
    ('P-053', 'Matthew Wilson', 'Thai', 19),
    ('P-054', 'Sophia Brown', 'American', 21),
    ('P-055', 'Daniel Martinez', 'Spanish', 23),
    ('P-056', 'Emma Lee', 'British', 18),
    ('P-057', 'Liam Clark', 'Australian', 22),
    ('P-058', 'Olivia Taylor', 'Canadian', 19),
    ('P-059', 'Alexander Smith', 'Irish', 16),
    ('P-060', 'Ava Johnson', 'Thai', 17),
    ('P-061', 'William Garcia', 'American', 21),
    ('P-062', 'Sophia Martinez', 'Spanish', 22),
    ('P-063', 'Daniel Lee', 'British', 19),
    ('P-064', 'Emma Clark', 'Australian', 24),
    ('P-065', 'Liam Smith', 'Canadian', 18),
    ('P-066', 'Olivia Johnson', 'Irish', 17),
    ('P-067', 'Alexander Taylor', 'Thai', 15),
    ('P-068', 'Ava Garcia', 'American', 21),
    ('P-069', 'Lucas Wilson', 'Spanish', 23),
    ('P-070', 'Isabella Lee', 'British', 20),
    ('P-071', 'Oliver Taylor', 'Australian', 25),
    ('P-072', 'Elijah Smith', 'Canadian', 19),
    ('P-073', 'Charlotte Johnson', 'Irish', 16),
    ('P-074', 'Amelia Martinez', 'British', 22),
    ('P-075', 'Benjamin Wilson', 'Thai', 18),
    ('P-076', 'Ethan Garcia', 'American', 20),
    ('P-077', 'Harper Martinez', 'Spanish', 22),
    ('P-078', 'Evelyn Lee', 'British', 21),
    ('P-079', 'James Clark', 'Australian', 24),
    ('P-080', 'Michael Smith', 'Canadian', 17),
    ('P-081', 'Abigail Johnson', 'Irish', 15),
    ('P-082', 'Emily Taylor', 'British', 20),
    ('P-083', 'Matthew Wilson', 'Thai', 19),
    ('P-084', 'Sophia Brown', 'American', 21),
    ('P-085', 'Daniel Martinez', 'Spanish', 23),
    ('P-086', 'Emma Lee', 'British', 18),
    ('P-087', 'Liam Clark', 'Australian', 22),
    ('P-088', 'Olivia Taylor', 'Canadian', 19),
    ('P-089', 'Alexander Smith', 'Irish', 16),
    ('P-090', 'Ava Johnson', 'Thai', 17),
    ('P-091', 'William Garcia', 'American', 21),
    ('P-092', 'Sophia Martinez', 'Spanish', 22),
    ('P-093', 'Daniel Lee', 'British', 19),
    ('P-094', 'Emma Clark', 'Australian', 24),
    ('P-095', 'Liam Smith', 'Canadian', 18),
    ('P-096', 'Olivia Johnson', 'Irish', 17),
    ('P-097', 'Alexander Taylor', 'Thai', 15),
    ('P-098', 'Ava Garcia', 'American', 21),
    ('P-099', 'Lucas Wilson', 'Spanish', 23),
    ('P-100', 'Isabella Lee', 'British', 20),
    ('P-101', 'Oliver Taylor', 'Australian', 25),
    ('P-102', 'Elijah Smith', 'Canadian', 19),
    ('P-103', 'Charlotte Johnson', 'Irish', 16),
    ('P-104', 'Amelia Martinez', 'British', 22),
    ('P-105', 'Benjamin Wilson', 'Thai', 18),
    ('P-106', 'Ethan Garcia', 'American', 20),
    ('P-107', 'Harper Martinez', 'Spanish', 22),
    ('P-108', 'Evelyn Lee', 'British', 21),
    ('P-109', 'James Clark', 'Australian', 24),
    ('P-110', 'Michael Smith', 'Canadian', 17),
    ('P-111', 'Abigail Johnson', 'Irish', 15),
    ('P-112', 'Emily Taylor', 'British', 20),
    ('P-113', 'Matthew Wilson', 'Thai', 19),
    ('P-114', 'Sophia Brown', 'American', 21),
    ('P-115', 'Daniel Martinez', 'Spanish', 23),
    ('P-116', 'Emma Lee', 'British', 18),
    ('P-117', 'Liam Clark', 'Australian', 22),
    ('P-118', 'Olivia Taylor', 'Canadian', 19),
    ('P-119', 'Alexander Smith', 'Irish', 16),
    ('P-120', 'Ava Johnson', 'Thai', 17),
    ('P-121', 'William Garcia', 'American', 21),
    ('P-122', 'Sophia Martinez', 'Spanish', 22),
    ('P-123', 'Daniel Lee', 'British', 19),
    ('P-124', 'Emma Clark', 'Australian', 24),
    ('P-125', 'Liam Smith', 'Canadian', 18),
    ('P-126', 'Olivia Johnson', 'Irish', 17),
    ('P-127', 'Alexander Taylor', 'Thai', 15),
    ('P-128', 'Ava Garcia', 'American', 21),
    ('P-129', 'Lucas Wilson', 'Spanish', 23),
    ('P-130', 'Isabella Lee', 'British', 20);

-- เพิ่มข้อมูลลงในตาราง Tickets
INSERT INTO Tickets (flightID, passengerID, check_in, gate_number, type_seat, seat_number , Date_Time)
VALUES
   ('F-001', 'P-001', '06:00', 01, 'Economy', 'A01', '2024-07-01'),
('F-001', 'P-002', '06:15', 02, 'Economy', 'A02', '2024-07-02'),
('F-001', 'P-003', '06:30', 03, 'Economy', 'A03', '2024-07-03'),
('F-001', 'P-004', '06:45', 04, 'Economy', 'A04', '2024-07-04'),
('F-001', 'P-005', '07:00', 05, 'Economy', 'A05', '2024-07-05'),
('F-001', 'P-006', '07:15', 06, 'Economy', 'A06', '2024-07-06'),
('F-001', 'P-007', '07:30', 07, 'Economy', 'A07', '2024-07-07'),
('F-001', 'P-008', '07:45', 08, 'Economy', 'A08', '2024-07-08'),
('F-001', 'P-009', '08:00', 09, 'Economy', 'A09', '2024-07-09'),
('F-001', 'P-010', '08:15', 10, 'Economy', 'A10', '2024-07-10'),
('F-001', 'P-011', '08:30', 11, 'Economy', 'A11', '2024-07-11'),
('F-001', 'P-012', '08:45', 12, 'Economy', 'A12', '2024-07-12'),
('F-001', 'P-013', '09:00', 13, 'Economy', 'A13', '2024-07-13'),
('F-001', 'P-014', '09:15', 14, 'Economy', 'A14', '2024-07-14'),
('F-001', 'P-015', '09:30', 15, 'Economy', 'A15', '2024-07-15'),
('F-001', 'P-016', '09:45', 16, 'Economy', 'A16', '2024-07-16'),
('F-001', 'P-017', '10:00', 17, 'Economy', 'A17', '2024-07-17'),
('F-001', 'P-018', '10:15', 18, 'Economy', 'A18', '2024-07-18'),
('F-001', 'P-019', '10:30', 19, 'Economy', 'A19', '2024-07-19'),
('F-001', 'P-020', '10:45', 20, 'Economy', 'A20', '2024-07-20'),
('F-001', 'P-021', '11:00', 21, 'Economy', 'A21', '2024-07-21'),
('F-001', 'P-022', '11:15', 22, 'Economy', 'A22', '2024-07-22'),
('F-001', 'P-023', '11:30', 23, 'Economy', 'A23', '2024-07-23'),
('F-001', 'P-024', '11:45', 24, 'Economy', 'A24', '2024-07-24'),
('F-001', 'P-025', '12:00', 25, 'Economy', 'A25', '2024-07-25'),
('F-001', 'P-026', '06:00', 26, 'Business', 'B01', '2024-07-26'),
('F-001', 'P-027', '06:15', 27, 'Business', 'B02', '2024-07-27'),
('F-001', 'P-028', '06:30', 28, 'Business', 'B03', '2024-07-28'),
('F-001', 'P-029', '06:45', 29, 'Business', 'B04', '2024-07-29'),
('F-001', 'P-030', '07:00', 30, 'Business', 'B05', '2024-07-30'),
('F-001', 'P-031', '07:15', 31, 'Business', 'B06', '2024-07-31'),
('F-001', 'P-032', '07:30', 32, 'Business', 'B07', '2024-08-01'),
('F-001', 'P-033', '07:45', 33, 'Business', 'B08', '2024-08-02'),
('F-001', 'P-034', '08:00', 34, 'Business', 'B09', '2024-08-03'),
('F-001', 'P-035', '08:15', 35, 'Business', 'B10', '2024-08-04'),
('F-001', 'P-036', '08:30', 36, 'Business', 'B11', '2024-08-05'),
('F-001', 'P-037', '08:45', 37, 'Business', 'B12', '2024-08-06'),
('F-001', 'P-038', '09:00', 38, 'Business', 'B13', '2024-08-07'),
('F-001', 'P-039', '09:15', 39, 'Business', 'B14', '2024-08-08'),
('F-001', 'P-040', '09:30', 40, 'Business', 'B15', '2024-08-09'),
('F-002', 'P-041', '06:00', 01, 'Economy', 'A01', '2024-07-01'),
('F-002', 'P-042', '06:15', 02, 'Economy', 'A02', '2024-07-02'),
('F-002', 'P-043', '06:30', 03, 'Economy', 'A03', '2024-07-03'),
('F-002', 'P-044', '06:45', 04, 'Economy', 'A04', '2024-07-04'),
('F-002', 'P-045', '07:00', 05, 'Economy', 'A05', '2024-07-05'),
('F-002', 'P-046', '07:15', 06, 'Economy', 'A06', '2024-07-06'),
('F-002', 'P-047', '07:30', 07, 'Economy', 'A07', '2024-07-07'),
('F-002', 'P-048', '07:45', 08, 'Economy', 'A08', '2024-07-08'),
('F-002', 'P-049', '08:00', 09, 'Economy', 'A09', '2024-07-09'),
('F-002', 'P-050', '08:15', 10, 'Economy', 'A10', '2024-07-10'),
('F-002', 'P-051', '08:30', 11, 'Economy', 'A11', '2024-07-11'),
('F-002', 'P-052', '08:45', 12, 'Economy', 'A12', '2024-07-12'),
('F-002', 'P-053', '09:00', 13, 'Economy', 'A13', '2024-07-13'),
('F-002', 'P-054', '09:15', 14, 'Economy', 'A14', '2024-07-14'),
('F-002', 'P-055', '09:30', 15, 'Economy', 'A15', '2024-07-15'),
('F-002', 'P-056', '09:45', 16, 'Economy', 'A16', '2024-07-16'),
('F-002', 'P-057', '10:00', 17, 'Economy', 'A17', '2024-07-17'),
('F-002', 'P-058', '10:15', 18, 'Economy', 'A18', '2024-07-18'),
('F-002', 'P-059', '10:30', 19, 'Economy', 'A19', '2024-07-19'),
('F-002', 'P-060', '10:45', 20, 'Economy', 'A20', '2024-07-20'),
('F-002', 'P-061', '11:00', 21, 'Economy', 'A21', '2024-07-21'),
('F-002', 'P-062', '11:15', 22, 'Economy', 'A22', '2024-07-22'),
('F-002', 'P-063', '11:30', 23, 'Economy', 'A23', '2024-07-23'),
('F-002', 'P-064', '11:45', 24, 'Economy', 'A24', '2024-07-24'),
('F-002', 'P-065', '12:00', 25, 'Economy', 'A25', '2024-07-25'),
('F-002', 'P-066', '06:00', 26, 'Business', 'B01', '2024-07-26'),
('F-002', 'P-067', '06:15', 27, 'Business', 'B02', '2024-07-27'),
('F-002', 'P-068', '06:30', 28, 'Business', 'B03', '2024-07-28'),
('F-002', 'P-069', '06:45', 29, 'Business', 'B04', '2024-07-29'),
('F-002', 'P-070', '07:00', 30, 'Business', 'B05', '2024-07-30'),
('F-002', 'P-071', '07:15', 31, 'Business', 'B06', '2024-07-31'),
('F-002', 'P-072', '07:30', 32, 'Business', 'B07', '2024-08-01'),
('F-002', 'P-073', '07:45', 33, 'Business', 'B08', '2024-08-02'),
('F-002', 'P-074', '08:00', 34, 'Business', 'B09', '2024-08-03'),
('F-002', 'P-075', '08:15', 35, 'Business', 'B10', '2024-08-04'),
('F-002', 'P-076', '08:30', 36, 'Business', 'B11', '2024-08-05'),
('F-002', 'P-077', '08:45', 37, 'Business', 'B12', '2024-08-06'),
('F-002', 'P-078', '09:00', 38, 'Business', 'B13', '2024-08-07'),
('F-002', 'P-079', '09:15', 39, 'Business', 'B14', '2024-08-08'),
('F-002', 'P-080', '09:30', 40, 'Business', 'B15', '2024-08-09'),
('F-003', 'P-081', '12:00', 01, 'Economy', 'A01', '2024-08-01'),
('F-003', 'P-082', '12:15', 02, 'Economy', 'A02', '2024-08-02'),
('F-003', 'P-083', '12:30', 03, 'Economy', 'A03', '2024-08-03'),
('F-003', 'P-084', '12:45', 04, 'Economy', 'A04', '2024-08-04'),
('F-003', 'P-085', '13:00', 05, 'Economy', 'A05', '2024-08-05'),
('F-003', 'P-086', '13:15', 06, 'Economy', 'A06', '2024-08-06'),
('F-003', 'P-087', '13:30', 07, 'Economy', 'A07', '2024-08-07'),
('F-003', 'P-088', '13:45', 08, 'Economy', 'A08', '2024-08-08'),
('F-003', 'P-089', '14:00', 09, 'Economy', 'A09', '2024-08-09'),
('F-003', 'P-090', '14:15', 10, 'Economy', 'A10', '2024-08-10'),
('F-003', 'P-091', '14:30', 11, 'Economy', 'A11', '2024-08-11'),
('F-003', 'P-092', '14:45', 12, 'Economy', 'A12', '2024-08-12'),
('F-003', 'P-093', '15:00', 13, 'Economy', 'A13', '2024-08-13'),
('F-003', 'P-094', '15:15', 14, 'Economy', 'A14', '2024-08-14'),
('F-003', 'P-095', '15:30', 15, 'Economy', 'A15', '2024-08-15'),
('F-003', 'P-096', '15:45', 16, 'Economy', 'A16', '2024-08-16'),
('F-003', 'P-097', '16:00', 17, 'Economy', 'A17', '2024-08-17'),
('F-003', 'P-098', '16:15', 18, 'Economy', 'A18', '2024-08-18'),
('F-003', 'P-099', '16:30', 19, 'Economy', 'A19', '2024-08-19'),
('F-003', 'P-100', '16:45', 20, 'Economy', 'A20', '2024-08-20'),
('F-003', 'P-101', '17:00', 21, 'Economy', 'A21', '2024-08-21'),
('F-003', 'P-102', '17:15', 22, 'Economy', 'A22', '2024-08-22'),
('F-003', 'P-103', '17:30', 23, 'Economy', 'A23', '2024-08-23'),
('F-003', 'P-104', '17:45', 24, 'Economy', 'A24', '2024-08-24'),
('F-003', 'P-105', '18:00', 25, 'Economy', 'A25', '2024-08-25'),
('F-003', 'P-106', '12:00', 26, 'Business', 'B01', '2024-08-26'),
('F-003', 'P-107', '12:15', 27, 'Business', 'B02', '2024-08-27'),
('F-003', 'P-108', '12:30', 28, 'Business', 'B03', '2024-08-28'),
('F-003', 'P-109', '12:45', 29, 'Business', 'B04', '2024-08-29'),
('F-003', 'P-110', '13:00', 30, 'Business', 'B05', '2024-08-30'),
('F-003', 'P-111', '13:15', 31, 'Business', 'B06', '2024-08-31'),
('F-003', 'P-112', '13:30', 32, 'Business', 'B07', '2024-09-01'),
('F-003', 'P-113', '13:45', 33, 'Business', 'B08', '2024-09-02'),
('F-003', 'P-114', '14:00', 34, 'Business', 'B09', '2024-09-03'),
('F-003', 'P-115', '14:15', 35, 'Business', 'B10', '2024-09-04'),
('F-003', 'P-116', '14:30', 36, 'Business', 'B11', '2024-09-05'),
('F-003', 'P-117', '14:45', 37, 'Business', 'B12', '2024-09-06'),
('F-003', 'P-118', '15:00', 38, 'Business', 'B13', '2024-09-07'),
('F-003', 'P-119', '15:15', 39, 'Business', 'B14', '2024-09-08'),
('F-003', 'P-120', '15:30', 40, 'Business', 'B15', '2024-09-09'),
('F-004', 'P-001', '10:00', 01, 'Economy', 'A01', '2024-09-01'),
('F-004', 'P-002', '10:15', 02, 'Economy', 'A02', '2024-09-02'),
('F-004', 'P-003', '10:30', 03, 'Economy', 'A03', '2024-09-03'),
('F-004', 'P-004', '10:45', 04, 'Economy', 'A04', '2024-09-04'),
('F-004', 'P-005', '11:00', 05, 'Economy', 'A05', '2024-09-05'),
('F-004', 'P-006', '11:15', 06, 'Economy', 'A06', '2024-09-06'),
('F-004', 'P-007', '11:30', 07, 'Economy', 'A07', '2024-09-07'),
('F-004', 'P-008', '11:45', 08, 'Economy', 'A08', '2024-09-08'),
('F-004', 'P-009', '12:00', 09, 'Economy', 'A09', '2024-09-09'),
('F-004', 'P-010', '12:15', 10, 'Economy', 'A10', '2024-09-10'),
('F-004', 'P-011', '12:30', 11, 'Economy', 'A11', '2024-09-11'),
('F-004', 'P-012', '12:45', 12, 'Economy', 'A12', '2024-09-12'),
('F-004', 'P-013', '13:00', 13, 'Economy', 'A13', '2024-09-13'),
('F-004', 'P-014', '13:15', 14, 'Economy', 'A14', '2024-09-14'),
('F-004', 'P-015', '13:30', 15, 'Economy', 'A15', '2024-09-15'),
('F-004', 'P-016', '13:45', 16, 'Economy', 'A16', '2024-09-16'),
('F-004', 'P-017', '14:00', 17, 'Economy', 'A17', '2024-09-17'),
('F-004', 'P-018', '14:15', 18, 'Economy', 'A18', '2024-09-18'),
('F-004', 'P-019', '14:30', 19, 'Economy', 'A19', '2024-09-19'),
('F-004', 'P-020', '14:45', 20, 'Economy', 'A20', '2024-09-20'),
('F-004', 'P-021', '15:00', 21, 'Economy', 'A21', '2024-09-21'),
('F-004', 'P-022', '15:15', 22, 'Economy', 'A22', '2024-09-22'),
('F-004', 'P-023', '15:30', 23, 'Economy', 'A23', '2024-09-23'),
('F-004', 'P-024', '15:45', 24, 'Economy', 'A24', '2024-09-24'),
('F-004', 'P-025', '16:00', 25, 'Economy', 'A25', '2024-09-25'),
('F-004', 'P-026', '16:15', 26, 'Business', 'B01', '2024-09-26'),
('F-004', 'P-027', '16:30', 27, 'Business', 'B02', '2024-09-27'),
('F-004', 'P-028', '16:45', 28, 'Business', 'B03', '2024-09-28'),
('F-004', 'P-029', '17:00', 29, 'Business', 'B04', '2024-09-29'),
('F-004', 'P-030', '17:15', 30, 'Business', 'B05', '2024-09-30'),
('F-004', 'P-031', '17:30', 31, 'Business', 'B06', '2024-10-01'),
('F-004', 'P-032', '17:45', 32, 'Business', 'B07', '2024-10-02'),
('F-004', 'P-033', '18:00', 33, 'Business', 'B08', '2024-10-03'),
('F-004', 'P-034', '18:15', 34, 'Business', 'B09', '2024-10-04'),
('F-004', 'P-035', '18:30', 35, 'Business', 'B10', '2024-10-05'),
('F-004', 'P-036', '18:45', 36, 'Business', 'B11', '2024-10-06'),
('F-004', 'P-037', '19:00', 37, 'Business', 'B12', '2024-10-07'),
('F-004', 'P-038', '10:00', 38, 'Economy', 'A01', '2024-10-08'),
('F-004', 'P-039', '10:15', 39, 'Economy', 'A02', '2024-10-09'),
('F-004', 'P-040', '10:30', 40, 'Economy', 'A03', '2024-10-10'),
('F-004', 'P-041', '10:45', 01, 'Economy', 'A04', '2024-10-11'),
('F-004', 'P-042', '11:00', 02, 'Economy', 'A05', '2024-10-12'),
('F-004', 'P-043', '11:15', 03, 'Economy', 'A06', '2024-10-13'),
('F-004', 'P-044', '11:30', 04, 'Economy', 'A07', '2024-10-14'),
('F-004', 'P-045', '11:45', 05, 'Economy', 'A08', '2024-10-15'),
('F-004', 'P-046', '12:00', 06, 'Economy', 'A09', '2024-10-16'),
('F-004', 'P-047', '12:15', 07, 'Economy', 'A10', '2024-10-17'),
('F-004', 'P-048', '12:30', 08, 'Economy', 'A11', '2024-10-18'),
('F-004', 'P-049', '12:45', 09, 'Economy', 'A12', '2024-10-19'),
('F-004', 'P-050', '13:00', 10, 'Economy', 'A13', '2024-10-20'),
('F-004', 'P-051', '13:15', 11, 'Economy', 'A14', '2024-10-21'),
('F-004', 'P-052', '13:30', 12, 'Economy', 'A15', '2024-10-22'),
('F-004', 'P-053', '13:45', 13, 'Economy', 'A16', '2024-10-23'),
('F-004', 'P-054', '14:00', 14, 'Economy', 'A17', '2024-10-24'),
('F-004', 'P-055', '14:15', 15, 'Economy', 'A18', '2024-10-25'),
('F-004', 'P-056', '14:30', 16, 'Economy', 'A19', '2024-10-26'),
('F-004', 'P-057', '14:45', 17, 'Economy', 'A20', '2024-10-27'),
('F-004', 'P-058', '15:00', 18, 'Economy', 'A21', '2024-10-28'),
('F-004', 'P-059', '15:15', 19, 'Economy', 'A22', '2024-10-29'),
('F-004', 'P-060', '15:30', 20, 'Economy', 'A23', '2024-10-30'),
('F-004', 'P-061', '15:45', 21, 'Economy', 'A24', '2024-10-31'),
('F-004', 'P-062', '16:00', 22, 'Economy', 'A25', '2024-11-01'),
('F-004', 'P-063', '16:15', 23, 'Business', 'B01', '2024-11-02'),
('F-004', 'P-064', '16:30', 24, 'Business', 'B02', '2024-11-03'),
('F-004', 'P-065', '16:45', 25, 'Business', 'B03', '2024-11-04'),
('F-004', 'P-066', '17:00', 26, 'Business', 'B04', '2024-11-05'),
('F-004', 'P-067', '17:15', 27, 'Business', 'B05', '2024-11-06'),
('F-004', 'P-068', '17:30', 28, 'Business', 'B06', '2024-11-07'),
('F-004', 'P-069', '17:45', 29, 'Business', 'B07', '2024-11-08'),
('F-004', 'P-070', '18:00', 30, 'Business', 'B08', '2024-11-09'),
('F-004', 'P-071', '18:15', 31, 'Business', 'B09', '2024-11-10'),
('F-004', 'P-072', '18:30', 32, 'Business', 'B10', '2024-11-11'),
('F-004', 'P-073', '18:45', 33, 'Business', 'B11', '2024-11-12'),
('F-004', 'P-074', '19:00', 34, 'Business', 'B12', '2024-11-13'),
('F-004', 'P-075', '10:00', 35, 'Economy', 'A01', '2024-11-14'),
('F-005', 'P-001', '10:00', 01, 'Economy', 'A01', '2024-01-01'),
('F-006', 'P-002', '10:15', 02, 'Economy', 'A02', '2024-01-02'),
('F-007', 'P-003', '10:30', 03, 'Economy', 'A03', '2024-01-03'),
('F-008', 'P-004', '10:45', 04, 'Economy', 'A04', '2024-01-04'),
('F-009', 'P-005', '11:00', 05, 'Economy', 'A05', '2024-01-05'),
('F-010', 'P-006', '11:15', 06, 'Economy', 'A06', '2024-01-06'),
('F-011', 'P-007', '11:30', 07, 'Economy', 'A07', '2024-01-07'),
('F-012', 'P-008', '11:45', 08, 'Economy', 'A08', '2024-01-08'),
('F-013', 'P-009', '12:00', 09, 'Economy', 'A09', '2024-01-09'),
('F-014', 'P-010', '12:15', 10, 'Economy', 'A10', '2024-01-10'),
('F-015', 'P-011', '12:30', 11, 'Economy', 'A11', '2024-01-11'),
('F-016', 'P-012', '12:45', 12, 'Economy', 'A12', '2024-01-12'),
('F-017', 'P-013', '13:00', 13, 'Economy', 'A13', '2024-01-13'),
('F-018', 'P-014', '13:15', 14, 'Economy', 'A14', '2024-01-14'),
('F-019', 'P-015', '13:30', 15, 'Economy', 'A15', '2024-01-15'),
('F-020', 'P-016', '13:45', 16, 'Economy', 'A16', '2024-01-16'),
('F-021', 'P-017', '14:00', 17, 'Economy', 'A17', '2024-01-17'),
('F-022', 'P-018', '14:15', 18, 'Economy', 'A18', '2024-01-18'),
('F-023', 'P-019', '14:30', 19, 'Economy', 'A19', '2024-01-19'),
('F-024', 'P-020', '14:45', 20, 'Economy', 'A20', '2024-01-20'),
('F-025', 'P-021', '15:00', 21, 'Economy', 'A21', '2024-01-21'),
('F-026', 'P-022', '15:15', 22, 'Economy', 'A22', '2024-01-22'),
('F-027', 'P-023', '15:30', 23, 'Economy', 'A23', '2024-01-23'),
('F-028', 'P-024', '15:45', 24, 'Economy', 'A24', '2024-01-24'),
('F-029', 'P-025', '16:00', 25, 'Economy', 'A25', '2024-01-25'),
('F-030', 'P-026', '16:15', 26, 'Business', 'B01', '2024-01-26'),
('F-005', 'P-027', '16:30', 27, 'Business', 'B02', '2024-01-27'),
('F-006', 'P-028', '16:45', 28, 'Business', 'B03', '2024-01-28'),
('F-007', 'P-029', '17:00', 29, 'Business', 'B04', '2024-01-29'),
('F-008', 'P-030', '17:15', 30, 'Business', 'B05', '2024-01-30'),
('F-009', 'P-031', '17:30', 31, 'Business', 'B06', '2024-01-31'),
('F-010', 'P-032', '17:45', 32, 'Business', 'B07', '2024-02-01'),
('F-011', 'P-033', '18:00', 33, 'Business', 'B08', '2024-02-02'),
('F-012', 'P-034', '18:15', 34, 'Business', 'B09', '2024-02-03'),
('F-013', 'P-035', '18:30', 35, 'Business', 'B10', '2024-02-04'),
('F-014', 'P-036', '18:45', 36, 'Business', 'B11', '2024-02-05'),
('F-015', 'P-037', '19:00', 37, 'Business', 'B12', '2024-02-06'),
('F-016', 'P-038', '10:00', 38, 'Economy', 'A01', '2024-02-07'),
('F-017', 'P-039', '10:15', 39, 'Economy', 'A02', '2024-02-08'),
('F-018', 'P-040', '10:30', 40, 'Economy', 'A03', '2024-02-09'),
('F-019', 'P-041', '10:45', 01, 'Economy', 'A04', '2024-02-10'),
('F-020', 'P-042', '11:00', 02, 'Economy', 'A05', '2024-02-11'),
('F-021', 'P-043', '11:15', 03, 'Economy', 'A06', '2024-02-12'),
('F-022', 'P-044', '11:30', 04, 'Economy', 'A07', '2024-02-13'),
('F-023', 'P-045', '11:45', 05, 'Economy', 'A08', '2024-02-14'),
('F-024', 'P-046', '12:00', 06, 'Economy', 'A09', '2024-02-15'),
('F-025', 'P-047', '12:15', 07, 'Economy', 'A10', '2024-02-16'),
('F-026', 'P-048', '12:30', 08, 'Economy', 'A11', '2024-02-17'),
('F-027', 'P-049', '12:45', 09, 'Economy', 'A12', '2024-02-18'),
('F-028', 'P-050', '13:00', 10, 'Economy', 'A13', '2024-02-19'),
('F-029', 'P-051', '13:15', 11, 'Economy', 'A14', '2024-02-20'),
('F-030', 'P-052', '13:30', 12, 'Economy', 'A15', '2024-02-21'),
('F-005', 'P-053', '13:45', 13, 'Economy', 'A16', '2024-02-22'),
('F-006', 'P-054', '14:00', 14, 'Economy', 'A17', '2024-02-23'),
('F-007', 'P-055', '14:15', 15, 'Economy', 'A18', '2024-02-24'),
('F-008', 'P-056', '14:30', 16, 'Economy', 'A19', '2024-02-25'),
('F-009', 'P-057', '14:45', 17, 'Economy', 'A20', '2024-02-26'),
('F-010', 'P-058', '15:00', 18, 'Economy', 'A21', '2024-02-27'),
('F-011', 'P-059', '15:15', 19, 'Economy', 'A22', '2024-02-28'),
('F-012', 'P-060', '15:30', 20, 'Economy', 'A23', '2024-02-29'),
('F-013', 'P-061', '15:45', 21, 'Economy', 'A24', '2024-03-01'),
('F-014', 'P-062', '16:00', 22, 'Economy', 'A25', '2024-03-02'),
('F-015', 'P-063', '16:15', 23, 'Business', 'B01', '2024-03-03'),
('F-016', 'P-064', '16:30', 24, 'Business', 'B02', '2024-03-04'),
('F-017', 'P-065', '16:45', 25, 'Business', 'B03', '2024-03-05'),
('F-018', 'P-066', '17:00', 26, 'Business', 'B04', '2024-03-06'),
('F-019', 'P-067', '17:15', 27, 'Business', 'B05', '2024-03-07'),
('F-020', 'P-068', '17:30', 28, 'Business', 'B06', '2024-03-08'),
('F-021', 'P-069', '17:45', 29, 'Business', 'B07', '2024-03-09'),
('F-022', 'P-070', '18:00', 30, 'Business', 'B08', '2024-03-10'),
('F-023', 'P-071', '18:15', 31, 'Business', 'B09', '2024-03-11'),
('F-024', 'P-072', '18:30', 32, 'Business', 'B10', '2024-03-12'),
('F-025', 'P-073', '18:45', 33, 'Business', 'B11', '2024-03-13'),
('F-026', 'P-074', '19:00', 34, 'Business', 'B12', '2024-03-14'),
('F-027', 'P-075', '10:00', 35, 'Economy', 'A01', '2024-03-15'),
('F-028', 'P-076', '10:15', 36, 'Economy', 'A02', '2024-03-16'),
('F-029', 'P-077', '10:30', 37, 'Economy', 'A03', '2024-03-17'),
('F-030', 'P-078', '10:45', 38, 'Economy', 'A04', '2024-03-18'),
('F-005', 'P-079', '11:00', 39, 'Economy', 'A05', '2024-03-19'),
('F-031', 'P-001', '10:00', 01, 'Economy', 'A01', '2024-03-01'),
('F-031', 'P-002', '10:15', 02, 'Economy', 'A02', '2024-03-02'),
('F-031', 'P-003', '10:30', 03, 'Economy', 'A03', '2024-03-03'),
('F-031', 'P-004', '10:45', 04, 'Economy', 'A04', '2024-03-04'),
('F-031', 'P-005', '11:00', 05, 'Economy', 'A05', '2024-03-05'),
('F-031', 'P-006', '11:15', 06, 'Economy', 'A06', '2024-03-06'),
('F-031', 'P-007', '11:30', 07, 'Economy', 'A07', '2024-03-07'),
('F-031', 'P-008', '11:45', 08, 'Economy', 'A08', '2024-03-08'),
('F-031', 'P-009', '12:00', 09, 'Economy', 'A09', '2024-03-09'),
('F-031', 'P-010', '12:15', 10, 'Economy', 'A10', '2024-03-10'),
('F-031', 'P-011', '12:30', 11, 'Economy', 'A11', '2024-03-11'),
('F-031', 'P-012', '12:45', 12, 'Economy', 'A12', '2024-03-12'),
('F-031', 'P-013', '13:00', 13, 'Economy', 'A13', '2024-03-13'),
('F-031', 'P-014', '13:15', 14, 'Economy', 'A14', '2024-03-14'),
('F-031', 'P-015', '13:30', 15, 'Economy', 'A15', '2024-03-15'),
('F-031', 'P-016', '13:45', 16, 'Economy', 'A16', '2024-03-16'),
('F-031', 'P-017', '14:00', 17, 'Economy', 'A17', '2024-03-17'),
('F-031', 'P-018', '14:15', 18, 'Economy', 'A18', '2024-03-18'),
('F-031', 'P-019', '14:30', 19, 'Economy', 'A19', '2024-03-19'),
('F-031', 'P-020', '14:45', 20, 'Economy', 'A20', '2024-03-20'),
('F-031', 'P-021', '15:00', 21, 'Economy', 'A21', '2024-03-21'),
('F-031', 'P-022', '15:15', 22, 'Economy', 'A22', '2024-03-22'),
('F-031', 'P-023', '15:30', 23, 'Economy', 'A23', '2024-03-23'),
('F-031', 'P-024', '15:45', 24, 'Economy', 'A24', '2024-03-24'),
('F-031', 'P-025', '16:00', 25, 'Economy', 'A25', '2024-03-25'),
('F-031', 'P-026', '16:15', 26, 'Business', 'B01', '2024-03-26'),
('F-031', 'P-027', '16:30', 27, 'Business', 'B02', '2024-03-27'),
('F-031', 'P-028', '16:45', 28, 'Business', 'B03', '2024-03-28'),
('F-031', 'P-029', '17:00', 29, 'Business', 'B04', '2024-03-29'),
('F-031', 'P-030', '17:15', 30, 'Business', 'B05', '2024-03-30'),
('F-031', 'P-031', '17:30', 31, 'Business', 'B06', '2024-03-31'),
('F-031', 'P-032', '17:45', 32, 'Business', 'B07', '2024-04-01'),
('F-031', 'P-033', '18:00', 33, 'Business', 'B08', '2024-04-02'),
('F-031', 'P-034', '18:15', 34, 'Business', 'B09', '2024-04-03'),
('F-031', 'P-035', '18:30', 35, 'Business', 'B10', '2024-04-04'),
('F-031', 'P-036', '18:45', 36, 'Business', 'B11', '2024-04-05'),
('F-031', 'P-037', '19:00', 37, 'Business', 'B12', '2024-04-06'),
('F-031', 'P-038', '10:00', 38, 'Economy', 'A01', '2024-04-07'),
('F-031', 'P-039', '10:15', 39, 'Economy', 'A02', '2024-04-08'),
('F-031', 'P-040', '10:30', 40, 'Economy', 'A03', '2024-04-09'),
('F-031', 'P-041', '10:45', 01, 'Economy', 'A04', '2024-04-10'),
('F-031', 'P-042', '11:00', 02, 'Economy', 'A05', '2024-04-11'),
('F-031', 'P-043', '11:15', 03, 'Economy', 'A06', '2024-04-12'),
('F-031', 'P-044', '11:30', 04, 'Economy', 'A07', '2024-04-13'),
('F-031', 'P-045', '11:45', 05, 'Economy', 'A08', '2024-04-14'),
('F-031', 'P-046', '12:00', 06, 'Economy', 'A09', '2024-04-15'),
('F-031', 'P-047', '12:15', 07, 'Economy', 'A10', '2024-04-16'),
('F-031', 'P-048', '12:30', 08, 'Economy', 'A11', '2024-04-17'),
('F-031', 'P-049', '12:45', 09, 'Economy', 'A12', '2024-04-18'),
('F-031', 'P-050', '13:00', 10, 'Economy', 'A13', '2024-04-19'),
('F-031', 'P-051', '13:15', 11, 'Economy', 'A14', '2024-04-20'),
('F-031', 'P-052', '13:30', 12, 'Economy', 'A15', '2024-04-21'),
('F-031', 'P-053', '13:45', 13, 'Economy', 'A16', '2024-04-22'),
('F-031', 'P-054', '14:00', 14, 'Economy', 'A17', '2024-04-23'),
('F-031', 'P-055', '14:15', 15, 'Economy', 'A18', '2024-04-24'),
('F-031', 'P-056', '14:30', 16, 'Economy', 'A19', '2024-04-25'),
('F-031', 'P-057', '14:45', 17, 'Economy', 'A20', '2024-04-26'),
('F-031', 'P-058', '15:00', 18, 'Economy', 'A21', '2024-04-27'),
('F-031', 'P-059', '15:15', 19, 'Economy', 'A22', '2024-04-28'),
('F-031', 'P-060', '15:30', 20, 'Economy', 'A23', '2024-04-29'),
('F-031', 'P-061', '15:45', 21, 'Economy', 'A24', '2024-04-30'),
('F-031', 'P-062', '16:00', 22, 'Economy', 'A25', '2024-05-01'),
('F-031', 'P-063', '16:15', 23, 'Business', 'B01', '2024-05-02'),
('F-031', 'P-064', '16:30', 24, 'Business', 'B02', '2024-05-03'),
('F-031', 'P-065', '16:45', 25, 'Business', 'B03', '2024-05-04'),
('F-031', 'P-066', '17:00', 26, 'Business', 'B04', '2024-05-05'),
('F-031', 'P-067', '17:15', 27, 'Business', 'B05', '2024-05-06'),
('F-031', 'P-068', '17:30', 28, 'Business', 'B06', '2024-05-07'),
('F-031', 'P-069', '17:45', 29, 'Business', 'B07', '2024-05-08'),
('F-031', 'P-070', '18:00', 30, 'Business', 'B08', '2024-05-09'),
('F-031', 'P-071', '18:15', 31, 'Business', 'B09', '2024-05-10'),
('F-031', 'P-072', '18:30', 32, 'Business', 'B10', '2024-05-11'),
('F-031', 'P-073', '18:45', 33, 'Business', 'B11', '2024-05-12'),
('F-031', 'P-074', '19:00', 34, 'Business', 'B12', '2024-05-13'),
('F-031', 'P-075', '10:00', 35, 'Economy', 'A01', '2024-05-14'),
('F-031', 'P-076', '10:15', 36, 'Economy', 'A02', '2024-05-15'),
('F-031', 'P-077', '10:30', 37, 'Economy', 'A03', '2024-05-16'),
('F-031', 'P-078', '10:45', 38, 'Economy', 'A04', '2024-05-17'),
('F-031', 'P-079', '11:00', 39, 'Economy', 'A05', '2024-05-18'),
('F-032', 'P-001', '06:00', 01, 'Economy', 'A01', '2024-03-01'),
('F-032', 'P-002', '06:15', 02, 'Economy', 'A02', '2024-03-02'),
('F-032', 'P-003', '06:30', 03, 'Economy', 'A03', '2024-03-03'),
('F-032', 'P-004', '06:45', 04, 'Economy', 'A04', '2024-03-04'),
('F-032', 'P-005', '07:00', 05, 'Economy', 'A05', '2024-03-05'),
('F-032', 'P-006', '07:15', 06, 'Economy', 'A06', '2024-03-06'),
('F-032', 'P-007', '07:30', 07, 'Economy', 'A07', '2024-03-07'),
('F-032', 'P-008', '07:45', 08, 'Economy', 'A08', '2024-03-08'),
('F-032', 'P-009', '08:00', 09, 'Economy', 'A09', '2024-03-09'),
('F-032', 'P-010', '08:15', 10, 'Economy', 'A10', '2024-03-10'),
('F-032', 'P-011', '08:30', 11, 'Economy', 'A11', '2024-03-11'),
('F-032', 'P-012', '08:45', 12, 'Economy', 'A12', '2024-03-12'),
('F-032', 'P-013', '09:00', 13, 'Economy', 'A13', '2024-03-13'),
('F-032', 'P-014', '09:15', 14, 'Economy', 'A14', '2024-03-14'),
('F-032', 'P-015', '09:30', 15, 'Economy', 'A15', '2024-03-15'),
('F-032', 'P-016', '09:45', 16, 'Economy', 'A16', '2024-03-16'),
('F-032', 'P-017', '10:00', 17, 'Economy', 'A17', '2024-03-17'),
('F-032', 'P-018', '10:15', 18, 'Economy', 'A18', '2024-03-18'),
('F-032', 'P-019', '10:30', 19, 'Economy', 'A19', '2024-03-19'),
('F-032', 'P-020', '10:45', 20, 'Economy', 'A20', '2024-03-20'),
('F-032', 'P-021', '11:00', 21, 'Economy', 'A21', '2024-03-21'),
('F-032', 'P-022', '11:15', 22, 'Economy', 'A22', '2024-03-22'),
('F-032', 'P-023', '11:30', 23, 'Economy', 'A23', '2024-03-23'),
('F-032', 'P-024', '11:45', 24, 'Economy', 'A24', '2024-03-24'),
('F-032', 'P-025', '12:00', 25, 'Economy', 'A25', '2024-03-25'),
('F-032', 'P-026', '12:15', 26, 'Business', 'B01', '2024-03-26'),
('F-032', 'P-027', '12:30', 27, 'Business', 'B02', '2024-03-27'),
('F-032', 'P-028', '12:45', 28, 'Business', 'B03', '2024-03-28'),
('F-032', 'P-029', '13:00', 29, 'Business', 'B04', '2024-03-29'),
('F-032', 'P-030', '13:15', 30, 'Business', 'B05', '2024-03-30'),
('F-032', 'P-031', '13:30', 31, 'Business', 'B06', '2024-03-31'),
('F-032', 'P-032', '13:45', 32, 'Business', 'B07', '2024-04-01'),
('F-032', 'P-033', '14:00', 33, 'Business', 'B08', '2024-04-02'),
('F-032', 'P-034', '14:15', 34, 'Business', 'B09', '2024-04-03'),
('F-032', 'P-035', '14:30', 35, 'Business', 'B10', '2024-04-04'),
('F-032', 'P-036', '14:45', 36, 'Business', 'B11', '2024-04-05'),
('F-032', 'P-037', '15:00', 37, 'Business', 'B12', '2024-04-06'),
('F-032', 'P-038', '06:00', 38, 'Economy', 'A01', '2024-04-07'),
('F-032', 'P-039', '06:15', 39, 'Economy', 'A02', '2024-04-08'),
('F-032', 'P-040', '06:30', 40, 'Economy', 'A03', '2024-04-09'),
('F-032', 'P-041', '06:45', 01, 'Economy', 'A04', '2024-04-10'),
('F-032', 'P-042', '07:00', 02, 'Economy', 'A05', '2024-04-11'),
('F-032', 'P-043', '07:15', 03, 'Economy', 'A06', '2024-04-12'),
('F-032', 'P-044', '07:30', 04, 'Economy', 'A07', '2024-04-13'),
('F-032', 'P-045', '07:45', 05, 'Economy', 'A08', '2024-04-14'),
('F-032', 'P-046', '08:00', 06, 'Economy', 'A09', '2024-04-15'),
('F-032', 'P-047', '08:15', 07, 'Economy', 'A10', '2024-04-16'),
('F-032', 'P-048', '08:30', 08, 'Economy', 'A11', '2024-04-17'),
('F-032', 'P-049', '08:45', 09, 'Economy', 'A12', '2024-04-18'),
('F-032', 'P-050', '09:00', 10, 'Economy', 'A13', '2024-04-19'),
('F-032', 'P-051', '09:15', 11, 'Economy', 'A14', '2024-04-20'),
('F-032', 'P-052', '09:30', 12, 'Economy', 'A15', '2024-04-21'),
('F-032', 'P-053', '09:45', 13, 'Economy', 'A16', '2024-04-22'),
('F-032', 'P-054', '10:00', 14, 'Economy', 'A17', '2024-04-23'),
('F-032', 'P-055', '10:15', 15, 'Economy', 'A18', '2024-04-24'),
('F-032', 'P-056', '10:30', 16, 'Economy', 'A19', '2024-04-25'),
('F-032', 'P-057', '10:45', 17, 'Economy', 'A20', '2024-04-26'),
('F-032', 'P-058', '11:00', 18, 'Economy', 'A21', '2024-04-27'),
('F-032', 'P-059', '11:15', 19, 'Economy', 'A22', '2024-04-28'),
('F-032', 'P-060', '11:30', 20, 'Economy', 'A23', '2024-04-29'),
('F-032', 'P-061', '11:45', 21, 'Economy', 'A24', '2024-04-30'),
('F-032', 'P-062', '12:00', 22, 'Economy', 'A25', '2024-05-01'),
('F-032', 'P-063', '12:15', 23, 'Business', 'B01', '2024-05-02'),
('F-032', 'P-064', '12:30', 24, 'Business', 'B02', '2024-05-03'),
('F-032', 'P-065', '12:45', 25, 'Business', 'B03', '2024-05-04'),
('F-032', 'P-066', '13:00', 26, 'Business', 'B04', '2024-05-05'),
('F-032', 'P-067', '13:15', 27, 'Business', 'B05', '2024-05-06'),
('F-032', 'P-068', '13:30', 28, 'Business', 'B06', '2024-05-07'),
('F-032', 'P-069', '13:45', 29, 'Business', 'B07', '2024-05-08'),
('F-032', 'P-070', '14:00', 30, 'Business', 'B08', '2024-05-09'),
('F-032', 'P-071', '14:15', 31, 'Business', 'B09', '2024-05-10'),
('F-032', 'P-072', '14:30', 32, 'Business', 'B10', '2024-05-11'),
('F-032', 'P-073', '14:45', 33, 'Business', 'B11', '2024-05-12'),
('F-032', 'P-074', '15:00', 34, 'Business', 'B12', '2024-05-13'),
('F-032', 'P-075', '06:00', 35, 'Economy', 'A01', '2024-05-14'),
('F-032', 'P-076', '06:15', 36, 'Economy', 'A02', '2024-05-15'),
('F-032', 'P-077', '06:30', 37, 'Economy', 'A03', '2024-05-16'),
('F-032', 'P-078', '06:45', 38, 'Economy', 'A04', '2024-05-17'),
('F-032', 'P-079', '07:00', 39, 'Economy', 'A05', '2024-05-18'),
('F-032', 'P-080', '07:15', 40, 'Economy', 'A06', '2024-05-19'),
('F-032', 'P-081', '07:30', 01, 'Economy', 'A07', '2024-05-20'),
('F-033', 'P-001', '06:00', 01, 'Economy', 'A01', '2024-03-01'),
('F-033', 'P-002', '06:15', 02, 'Economy', 'A02', '2024-03-02'),
('F-033', 'P-003', '06:30', 03, 'Economy', 'A03', '2024-03-03'),
('F-033', 'P-004', '06:45', 04, 'Economy', 'A04', '2024-03-04'),
('F-033', 'P-005', '07:00', 05, 'Economy', 'A05', '2024-03-05'),
('F-033', 'P-006', '07:15', 06, 'Economy', 'A06', '2024-03-06'),
('F-033', 'P-007', '07:30', 07, 'Economy', 'A07', '2024-03-07'),
('F-033', 'P-008', '07:45', 08, 'Economy', 'A08', '2024-03-08'),
('F-033', 'P-009', '08:00', 09, 'Economy', 'A09', '2024-03-09'),
('F-033', 'P-010', '08:15', 10, 'Economy', 'A10', '2024-03-10'),
('F-033', 'P-011', '08:30', 11, 'Economy', 'A11', '2024-03-11'),
('F-033', 'P-012', '08:45', 12, 'Economy', 'A12', '2024-03-12'),
('F-033', 'P-013', '09:00', 13, 'Economy', 'A13', '2024-03-13'),
('F-033', 'P-014', '09:15', 14, 'Economy', 'A14', '2024-03-14'),
('F-033', 'P-015', '09:30', 15, 'Economy', 'A15', '2024-03-15'),
('F-033', 'P-016', '09:45', 16, 'Economy', 'A16', '2024-03-16'),
('F-033', 'P-017', '10:00', 17, 'Economy', 'A17', '2024-03-17'),
('F-033', 'P-018', '10:15', 18, 'Economy', 'A18', '2024-03-18'),
('F-033', 'P-019', '10:30', 19, 'Economy', 'A19', '2024-03-19'),
('F-033', 'P-020', '10:45', 20, 'Economy', 'A20', '2024-03-20'),
('F-033', 'P-021', '11:00', 21, 'Economy', 'A21', '2024-03-21'),
('F-033', 'P-022', '11:15', 22, 'Economy', 'A22', '2024-03-22'),
('F-033', 'P-023', '11:30', 23, 'Economy', 'A23', '2024-03-23'),
('F-033', 'P-024', '11:45', 24, 'Economy', 'A24', '2024-03-24'),
('F-033', 'P-025', '12:00', 25, 'Economy', 'A25', '2024-03-25'),
('F-033', 'P-026', '12:15', 26, 'Business', 'B01', '2024-03-26'),
('F-033', 'P-027', '12:30', 27, 'Business', 'B02', '2024-03-27'),
('F-033', 'P-028', '12:45', 28, 'Business', 'B03', '2024-03-28'),
('F-033', 'P-029', '13:00', 29, 'Business', 'B04', '2024-03-29'),
('F-033', 'P-030', '13:15', 30, 'Business', 'B05', '2024-03-30'),
('F-033', 'P-031', '13:30', 31, 'Business', 'B06', '2024-03-31'),
('F-033', 'P-032', '13:45', 32, 'Business', 'B07', '2024-04-01'),
('F-033', 'P-033', '14:00', 33, 'Business', 'B08', '2024-04-02'),
('F-033', 'P-034', '14:15', 34, 'Business', 'B09', '2024-04-03'),
('F-033', 'P-035', '14:30', 35, 'Business', 'B10', '2024-04-04'),
('F-033', 'P-036', '14:45', 36, 'Business', 'B11', '2024-04-05'),
('F-033', 'P-037', '15:00', 37, 'Business', 'B12', '2024-04-06'),
('F-033', 'P-038', '06:00', 38, 'Economy', 'A01', '2024-04-07'),
('F-033', 'P-039', '06:15', 39, 'Economy', 'A02', '2024-04-08'),
('F-033', 'P-040', '06:30', 40, 'Economy', 'A03', '2024-04-09'),
('F-033', 'P-041', '06:45', 01, 'Economy', 'A04', '2024-04-10'),
('F-033', 'P-042', '07:00', 02, 'Economy', 'A05', '2024-04-11'),
('F-033', 'P-043', '07:15', 03, 'Economy', 'A06', '2024-04-12'),
('F-033', 'P-044', '07:30', 04, 'Economy', 'A07', '2024-04-13'),
('F-033', 'P-045', '07:45', 05, 'Economy', 'A08', '2024-04-14'),
('F-033', 'P-046', '08:00', 06, 'Economy', 'A09', '2024-04-15'),
('F-033', 'P-047', '08:15', 07, 'Economy', 'A10', '2024-04-16'),
('F-033', 'P-048', '08:30', 08, 'Economy', 'A11', '2024-04-17'),
('F-033', 'P-049', '08:45', 09, 'Economy', 'A12', '2024-04-18'),
('F-033', 'P-050', '09:00', 10, 'Economy', 'A13', '2024-04-19'),
('F-033', 'P-051', '09:15', 11, 'Economy', 'A14', '2024-04-20'),
('F-033', 'P-052', '09:30', 12, 'Economy', 'A15', '2024-04-21'),
('F-033', 'P-053', '09:45', 13, 'Economy', 'A16', '2024-04-22'),
('F-033', 'P-054', '10:00', 14, 'Economy', 'A17', '2024-04-23'),
('F-033', 'P-055', '10:15', 15, 'Economy', 'A18', '2024-04-24'),
('F-033', 'P-056', '10:30', 16, 'Economy', 'A19', '2024-04-25'),
('F-033', 'P-057', '10:45', 17, 'Economy', 'A20', '2024-04-26'),
('F-033', 'P-058', '11:00', 18, 'Economy', 'A21', '2024-04-27'),
('F-033', 'P-059', '11:15', 19, 'Economy', 'A22', '2024-04-28'),
('F-033', 'P-060', '11:30', 20, 'Economy', 'A23', '2024-04-29'),
('F-033', 'P-061', '11:45', 21, 'Economy', 'A24', '2024-04-30'),
('F-033', 'P-062', '12:00', 22, 'Economy', 'A25', '2024-05-01'),
('F-033', 'P-063', '12:15', 23, 'Business', 'B01', '2024-05-02'),
('F-033', 'P-064', '12:30', 24, 'Business', 'B02', '2024-05-03'),
('F-033', 'P-065', '12:45', 25, 'Business', 'B03', '2024-05-04'),
('F-033', 'P-066', '13:00', 26, 'Business', 'B04', '2024-05-05'),
('F-033', 'P-067', '13:15', 27, 'Business', 'B05', '2024-05-06'),
('F-033', 'P-068', '13:30', 28, 'Business', 'B06', '2024-05-07'),
('F-033', 'P-069', '13:45', 29, 'Business', 'B07', '2024-05-08'),
('F-033', 'P-070', '14:00', 30, 'Business', 'B08', '2024-05-09'),
('F-033', 'P-071', '14:15', 31, 'Business', 'B09', '2024-05-10'),
('F-033', 'P-072', '14:30', 32, 'Business', 'B10', '2024-05-11'),
('F-033', 'P-073', '14:45', 33, 'Business', 'B11', '2024-05-12'),
('F-033', 'P-074', '15:00', 34, 'Business', 'B12', '2024-05-13'),
('F-033', 'P-075', '06:00', 35, 'Economy', 'A01', '2024-05-14'),
('F-034', 'P-001', '06:00', 01, 'Economy', 'A01', '2024-01-01'),
('F-034', 'P-002', '06:15', 02, 'Economy', 'A02', '2024-01-02'),
('F-034', 'P-003', '06:30', 03, 'Economy', 'A03', '2024-01-03'),
('F-034', 'P-004', '06:45', 04, 'Economy', 'A04', '2024-01-04'),
('F-034', 'P-005', '07:00', 05, 'Economy', 'A05', '2024-01-05'),
('F-034', 'P-006', '07:15', 06, 'Economy', 'A06', '2024-01-06'),
('F-034', 'P-007', '07:30', 07, 'Economy', 'A07', '2024-01-07'),
('F-034', 'P-008', '07:45', 08, 'Economy', 'A08', '2024-01-08'),
('F-034', 'P-009', '08:00', 09, 'Economy', 'A09', '2024-01-09'),
('F-034', 'P-010', '08:15', 10, 'Economy', 'A10', '2024-01-10'),
('F-034', 'P-011', '08:30', 11, 'Economy', 'A11', '2024-01-11'),
('F-034', 'P-012', '08:45', 12, 'Economy', 'A12', '2024-01-12'),
('F-034', 'P-013', '09:00', 13, 'Economy', 'A13', '2024-01-13'),
('F-034', 'P-014', '09:15', 14, 'Economy', 'A14', '2024-01-14'),
('F-034', 'P-015', '09:30', 15, 'Economy', 'A15', '2024-01-15'),
('F-034', 'P-016', '09:45', 16, 'Economy', 'A16', '2024-01-16'),
('F-034', 'P-017', '10:00', 17, 'Economy', 'A17', '2024-01-17'),
('F-034', 'P-018', '10:15', 18, 'Economy', 'A18', '2024-01-18'),
('F-034', 'P-019', '10:30', 19, 'Economy', 'A19', '2024-01-19'),
('F-034', 'P-020', '10:45', 20, 'Economy', 'A20', '2024-01-20'),
('F-034', 'P-021', '11:00', 21, 'Economy', 'A21', '2024-01-21'),
('F-034', 'P-022', '11:15', 22, 'Economy', 'A22', '2024-01-22'),
('F-034', 'P-023', '11:30', 23, 'Economy', 'A23', '2024-01-23'),
('F-034', 'P-024', '11:45', 24, 'Economy', 'A24', '2024-01-24'),
('F-034', 'P-025', '12:00', 25, 'Economy', 'A25', '2024-01-25'),
('F-034', 'P-026', '12:15', 26, 'Business', 'B01', '2024-01-26'),
('F-034', 'P-027', '12:30', 27, 'Business', 'B02', '2024-01-27'),
('F-034', 'P-028', '12:45', 28, 'Business', 'B03', '2024-01-28'),
('F-034', 'P-029', '13:00', 29, 'Business', 'B04', '2024-01-29'),
('F-034', 'P-030', '13:15', 30, 'Business', 'B05', '2024-01-30'),
('F-034', 'P-031', '13:30', 31, 'Business', 'B06', '2024-01-31'),
('F-034', 'P-032', '13:45', 32, 'Business', 'B07', '2024-02-01'),
('F-034', 'P-033', '14:00', 33, 'Business', 'B08', '2024-02-02'),
('F-034', 'P-034', '14:15', 34, 'Business', 'B09', '2024-02-03'),
('F-034', 'P-035', '14:30', 35, 'Business', 'B10', '2024-02-04'),
('F-034', 'P-036', '14:45', 36, 'Business', 'B11', '2024-02-05'),
('F-034', 'P-037', '15:00', 37, 'Business', 'B12', '2024-02-06'),
('F-035', 'P-038', '06:00', 38, 'Economy', 'A01', '2024-02-07'),
('F-035', 'P-039', '06:15', 39, 'Economy', 'A02', '2024-02-08'),
('F-035', 'P-040', '06:30', 40, 'Economy', 'A03', '2024-02-09'),
('F-035', 'P-041', '06:45', 01, 'Economy', 'A04', '2024-02-10'),
('F-035', 'P-042', '07:00', 02, 'Economy', 'A05', '2024-02-11'),
('F-035', 'P-043', '07:15', 03, 'Economy', 'A06', '2024-02-12'),
('F-035', 'P-044', '07:30', 04, 'Economy', 'A07', '2024-02-13'),
('F-035', 'P-045', '07:45', 05, 'Economy', 'A08', '2024-02-14'),
('F-035', 'P-046', '08:00', 06, 'Economy', 'A09', '2024-02-15'),
('F-035', 'P-047', '08:15', 07, 'Economy', 'A10', '2024-02-16'),
('F-035', 'P-048', '08:30', 08, 'Economy', 'A11', '2024-02-17'),
('F-035', 'P-049', '08:45', 09, 'Economy', 'A12', '2024-02-18'),
('F-035', 'P-050', '09:00', 10, 'Economy', 'A13', '2024-02-19'),
('F-035', 'P-051', '09:15', 11, 'Economy', 'A14', '2024-02-20'),
('F-035', 'P-052', '09:30', 12, 'Economy', 'A15', '2024-02-21'),
('F-035', 'P-053', '09:45', 13, 'Economy', 'A16', '2024-02-22'),
('F-035', 'P-054', '10:00', 14, 'Economy', 'A17', '2024-02-23'),
('F-035', 'P-055', '10:15', 15, 'Economy', 'A18', '2024-02-24'),
('F-035', 'P-056', '10:30', 16, 'Economy', 'A19', '2024-02-25'),
('F-035', 'P-057', '10:45', 17, 'Economy', 'A20', '2024-02-26'),
('F-035', 'P-058', '11:00', 18, 'Economy', 'A21', '2024-02-27'),
('F-035', 'P-059', '11:15', 19, 'Economy', 'A22', '2024-02-28'),
('F-035', 'P-060', '11:30', 20, 'Economy', 'A23', '2024-02-29'),
('F-035', 'P-061', '11:45', 21, 'Economy', 'A24', '2024-03-01'),
('F-035', 'P-062', '12:00', 22, 'Economy', 'A25', '2024-03-02'),
('F-035', 'P-063', '12:15', 23, 'Business', 'B01', '2024-03-03'),
('F-035', 'P-064', '12:30', 24, 'Business', 'B02', '2024-03-04'),
('F-035', 'P-065', '12:45', 25, 'Business', 'B03', '2024-03-05'),
('F-035', 'P-066', '13:00', 26, 'Business', 'B04', '2024-03-06'),
('F-035', 'P-067', '13:15', 27, 'Business', 'B05', '2024-03-07'),
('F-035', 'P-068', '13:30', 28, 'Business', 'B06', '2024-03-08'),
('F-035', 'P-069', '13:45', 29, 'Business', 'B07', '2024-03-09'),
('F-035', 'P-070', '14:00', 30, 'Business', 'B08', '2024-03-10'),
('F-035', 'P-071', '14:15', 31, 'Business', 'B09', '2024-03-11'),
('F-035', 'P-072', '14:30', 32, 'Business', 'B10', '2024-03-12'),
('F-035', 'P-073', '14:45', 33, 'Business', 'B11', '2024-03-13'),
('F-035', 'P-074', '15:00', 34, 'Business', 'B12', '2024-03-14'),
('F-036', 'P-075', '06:00', 35, 'Economy', 'A01', '2024-03-15'),
('F-036', 'P-076', '06:15', 36, 'Economy', 'A02', '2024-03-16'),
('F-036', 'P-077', '06:30', 37, 'Economy', 'A03', '2024-03-17'),
('F-036', 'P-078', '06:45', 38, 'Economy', 'A04', '2024-03-18'),
('F-036', 'P-079', '07:00', 39, 'Economy', 'A05', '2024-03-19'),
('F-036', 'P-080', '07:15', 40, 'Economy', 'A06', '2024-03-20'),
('F-036', 'P-081', '07:30', 01, 'Economy', 'A07', '2024-03-21'),
('F-036', 'P-082', '07:45', 02, 'Economy', 'A08', '2024-03-22'),
('F-036', 'P-083', '08:00', 03, 'Economy', 'A09', '2024-03-23'),
('F-036', 'P-084', '08:15', 04, 'Economy', 'A10', '2024-03-24'),
('F-036', 'P-085', '08:30', 05, 'Economy', 'A11', '2024-03-25'),
('F-036', 'P-086', '08:45', 06, 'Economy', 'A12', '2024-03-26'),
('F-036', 'P-087', '09:00', 07, 'Economy', 'A13', '2024-03-27'),
('F-036', 'P-088', '09:15', 08, 'Economy', 'A14', '2024-03-28'),
('F-036', 'P-089', '09:30', 09, 'Economy', 'A15', '2024-03-29'),
('F-036', 'P-090', '09:45', 10, 'Economy', 'A16', '2024-03-30'),
('F-036', 'P-091', '10:00', 11, 'Economy', 'A17', '2024-03-31'),
('F-036', 'P-092', '10:15', 12, 'Economy', 'A18', '2024-04-01'),
('F-036', 'P-093', '10:30', 13, 'Economy', 'A19', '2024-04-02'),
('F-036', 'P-094', '10:45', 14, 'Economy', 'A20', '2024-04-03'),
('F-036', 'P-095', '11:00', 15, 'Economy', 'A21', '2024-04-04'),
('F-036', 'P-096', '11:15', 16, 'Economy', 'A22', '2024-04-05'),
('F-036', 'P-097', '11:30', 17, 'Economy', 'A23', '2024-04-06'),
('F-036', 'P-098', '11:45', 18, 'Economy', 'A24', '2024-04-07'),
('F-036', 'P-099', '12:00', 19, 'Economy', 'A25', '2024-04-08'),
('F-036', 'P-100', '12:15', 20, 'Business', 'B01', '2024-04-09'),
('F-036', 'P-101', '12:30', 21, 'Business', 'B02', '2024-04-10'),
('F-036', 'P-102', '12:45', 22, 'Business', 'B03', '2024-04-11'),
('F-036', 'P-103', '13:00', 23, 'Business', 'B04', '2024-04-12'),
('F-036', 'P-104', '13:15', 24, 'Business', 'B05', '2024-04-13'),
('F-036', 'P-105', '13:30', 25, 'Business', 'B06', '2024-04-14'),
('F-036', 'P-106', '13:45', 26, 'Business', 'B07', '2024-04-15'),
('F-036', 'P-107', '14:00', 27, 'Business', 'B08', '2024-04-16'),
('F-036', 'P-108', '14:15', 28, 'Business', 'B09', '2024-04-17'),
('F-036', 'P-109', '14:30', 29, 'Business', 'B10', '2024-04-18'),
('F-036', 'P-110', '14:45', 30, 'Business', 'B11', '2024-04-19'),
('F-036', 'P-111', '15:00', 31, 'Business', 'B12', '2024-04-20'),
('F-037', 'P-112', '06:00', 32, 'Economy', 'A01', '2024-04-21'),
('F-037', 'P-113', '06:15', 33, 'Economy', 'A02', '2024-04-22'),
('F-037', 'P-114', '06:30', 34, 'Economy', 'A03', '2024-04-23'),
('F-037', 'P-115', '06:45', 35, 'Economy', 'A04', '2024-04-24'),
('F-037', 'P-116', '07:00', 36, 'Economy', 'A05', '2024-04-25'),
('F-037', 'P-117', '07:15', 37, 'Economy', 'A06', '2024-04-26'),
('F-037', 'P-118', '07:30', 38, 'Economy', 'A07', '2024-04-27'),
('F-037', 'P-119', '07:45', 39, 'Economy', 'A08', '2024-04-28'),
('F-037', 'P-120', '08:00', 40, 'Economy', 'A09', '2024-04-29'),
('F-037', 'P-121', '08:15', 01, 'Economy', 'A10', '2024-04-30'),
('F-037', 'P-122', '08:30', 02, 'Economy', 'A11', '2024-05-01'),
('F-037', 'P-123', '08:45', 03, 'Economy', 'A12', '2024-05-02'),
('F-037', 'P-124', '09:00', 04, 'Economy', 'A13', '2024-05-03'),
('F-037', 'P-125', '09:15', 05, 'Economy', 'A14', '2024-05-04'),
('F-037', 'P-126', '09:30', 06, 'Economy', 'A15', '2024-05-05'),
('F-037', 'P-127', '09:45', 07, 'Economy', 'A16', '2024-05-06'),
('F-037', 'P-128', '10:00', 08, 'Economy', 'A17', '2024-05-07'),
('F-037', 'P-129', '10:15', 09, 'Economy', 'A18', '2024-05-08'),
('F-037', 'P-130', '10:30', 10, 'Economy', 'A19', '2024-05-09'),
('F-037', 'P-001', '10:45', 11, 'Economy', 'A20', '2024-05-10'),
('F-037', 'P-002', '11:00', 12, 'Economy', 'A21', '2024-05-11'),
('F-037', 'P-003', '11:15', 13, 'Economy', 'A22', '2024-05-12'),
('F-037', 'P-004', '11:30', 14, 'Economy', 'A23', '2024-05-13'),
('F-037', 'P-005', '11:45', 15, 'Economy', 'A24', '2024-05-14'),
('F-037', 'P-006', '12:00', 16, 'Economy', 'A25', '2024-05-15'),
('F-037', 'P-007', '12:15', 17, 'Business', 'B01', '2024-05-16'),
('F-037', 'P-008', '12:30', 18, 'Business', 'B02', '2024-05-17'),
('F-037', 'P-009', '12:45', 19, 'Business', 'B03', '2024-05-18'),
('F-037', 'P-010', '13:00', 20, 'Business', 'B04', '2024-05-19'),
('F-037', 'P-011', '13:15', 21, 'Business', 'B05', '2024-05-20'),
('F-037', 'P-012', '13:30', 22, 'Business', 'B06', '2024-05-21'),
('F-037', 'P-013', '13:45', 23, 'Business', 'B07', '2024-05-22'),
('F-037', 'P-014', '14:00', 24, 'Business', 'B08', '2024-05-23'),
('F-037', 'P-015', '14:15', 25, 'Business', 'B09', '2024-05-24'),
('F-037', 'P-016', '14:30', 26, 'Business', 'B10', '2024-05-25'),
('F-037', 'P-017', '14:45', 27, 'Business', 'B11', '2024-05-26'),
('F-037', 'P-018', '15:00', 28, 'Business', 'B12', '2024-05-27'),
('F-038', 'P-019', '06:00', 29, 'Economy', 'A01', '2024-05-28'),
('F-038', 'P-020', '06:15', 30, 'Economy', 'A02', '2024-05-29'),
('F-038', 'P-021', '06:30', 31, 'Economy', 'A03', '2024-05-30'),
('F-038', 'P-022', '06:45', 32, 'Economy', 'A04', '2024-05-31'),
('F-038', 'P-023', '07:00', 33, 'Economy', 'A05', '2024-06-01'),
('F-038', 'P-024', '07:15', 34, 'Economy', 'A06', '2024-06-02'),
('F-038', 'P-025', '07:30', 35, 'Economy', 'A07', '2024-06-03'),
('F-038', 'P-026', '07:45', 36, 'Economy', 'A08', '2024-06-04'),
('F-038', 'P-027', '08:00', 37, 'Economy', 'A09', '2024-06-05'),
('F-038', 'P-028', '08:15', 38, 'Economy', 'A10', '2024-06-06'),
('F-038', 'P-029', '08:30', 39, 'Economy', 'A11', '2024-06-07'),
('F-038', 'P-030', '08:45', 40, 'Economy', 'A12', '2024-06-08'),
('F-038', 'P-031', '09:00', 01, 'Economy', 'A13', '2024-06-09'),
('F-038', 'P-032', '09:15', 02, 'Economy', 'A14', '2024-06-10'),
('F-038', 'P-033', '09:30', 03, 'Economy', 'A15', '2024-06-11'),
('F-038', 'P-034', '09:45', 04, 'Economy', 'A16', '2024-06-12'),
('F-038', 'P-035', '10:00', 05, 'Economy', 'A17', '2024-06-13'),
('F-038', 'P-036', '10:15', 06, 'Economy', 'A18', '2024-06-14'),
('F-038', 'P-037', '10:30', 07, 'Economy', 'A19', '2024-06-15'),
('F-038', 'P-038', '10:45', 08, 'Economy', 'A20', '2024-06-16'),
('F-038', 'P-039', '11:00', 09, 'Economy', 'A21', '2024-06-17'),
('F-038', 'P-040', '11:15', 10, 'Economy', 'A22', '2024-06-18'),
('F-038', 'P-041', '11:30', 11, 'Economy', 'A23', '2024-06-19'),
('F-038', 'P-042', '11:45', 12, 'Economy', 'A24', '2024-06-20'),
('F-038', 'P-043', '12:00', 13, 'Economy', 'A25', '2024-06-21'),
('F-038', 'P-044', '12:15', 14, 'Business', 'B01', '2024-06-22'),
('F-038', 'P-045', '12:30', 15, 'Business', 'B02', '2024-06-23'),
('F-038', 'P-046', '12:45', 16, 'Business', 'B03', '2024-06-24'),
('F-038', 'P-047', '13:00', 17, 'Business', 'B04', '2024-06-25'),
('F-038', 'P-048', '13:15', 18, 'Business', 'B05', '2024-06-26'),
('F-038', 'P-049', '13:30', 19, 'Business', 'B06', '2024-06-27'),
('F-038', 'P-050', '13:45', 20, 'Business', 'B07', '2024-06-28'),
('F-038', 'P-051', '14:00', 21, 'Business', 'B08', '2024-06-29'),
('F-038', 'P-052', '14:15', 22, 'Business', 'B09', '2024-06-30'),
('F-038', 'P-053', '14:30', 23, 'Business', 'B10', '2024-07-01'),
('F-038', 'P-054', '14:45', 24, 'Business', 'B11', '2024-07-02'),
('F-038', 'P-055', '15:00', 25, 'Business', 'B12', '2024-07-03'),
('F-039', 'P-056', '06:00', 26, 'Economy', 'A01', '2024-07-04'),
('F-039', 'P-057', '06:15', 27, 'Economy', 'A02', '2024-07-05'),
('F-039', 'P-058', '06:30', 28, 'Economy', 'A03', '2024-07-06'),
('F-039', 'P-059', '06:45', 29, 'Economy', 'A04', '2024-07-07'),
('F-039', 'P-060', '07:00', 30, 'Economy', 'A05', '2024-07-08'),
('F-039', 'P-061', '07:15', 31, 'Economy', 'A06', '2024-07-09'),
('F-039', 'P-062', '07:30', 32, 'Economy', 'A07', '2024-07-10'),
('F-039', 'P-063', '07:45', 33, 'Economy', 'A08', '2024-07-11'),
('F-039', 'P-064', '08:00', 34, 'Economy', 'A09', '2024-07-12'),
('F-039', 'P-065', '08:15', 35, 'Economy', 'A10', '2024-07-13'),
('F-039', 'P-066', '08:30', 36, 'Economy', 'A11', '2024-07-14'),
('F-039', 'P-067', '08:45', 37, 'Economy', 'A12', '2024-07-15'),
('F-039', 'P-068', '09:00', 38, 'Economy', 'A13', '2024-07-16'),
('F-039', 'P-069', '09:15', 39, 'Economy', 'A14', '2024-07-17'),
('F-039', 'P-070', '09:30', 40, 'Economy', 'A15', '2024-07-18'),
('F-039', 'P-071', '09:45', 01, 'Economy', 'A16', '2024-07-19'),
('F-039', 'P-072', '10:00', 02, 'Economy', 'A17', '2024-07-20'),
('F-039', 'P-073', '10:15', 03, 'Economy', 'A18', '2024-07-21'),
('F-039', 'P-074', '10:30', 04, 'Economy', 'A19', '2024-07-22'),
('F-039', 'P-075', '10:45', 05, 'Economy', 'A20', '2024-07-23'),
('F-039', 'P-076', '11:00', 06, 'Economy', 'A21', '2024-07-24'),
('F-039', 'P-077', '11:15', 07, 'Economy', 'A22', '2024-07-25'),
('F-039', 'P-078', '11:30', 08, 'Economy', 'A23', '2024-07-26'),
('F-039', 'P-079', '11:45', 09, 'Economy', 'A24', '2024-07-27'),
('F-039', 'P-080', '12:00', 10, 'Economy', 'A25', '2024-07-28'),
('F-039', 'P-081', '12:15', 11, 'Business', 'B01', '2024-07-29'),
('F-039', 'P-082', '12:30', 12, 'Business', 'B02', '2024-07-30'),
('F-039', 'P-083', '12:45', 13, 'Business', 'B03', '2024-07-31'),
('F-039', 'P-084', '13:00', 14, 'Business', 'B04', '2024-08-01'),
('F-039', 'P-085', '13:15', 15, 'Business', 'B05', '2024-08-02'),
('F-039', 'P-086', '13:30', 16, 'Business', 'B06', '2024-08-03'),
('F-039', 'P-087', '13:45', 17, 'Business', 'B07', '2024-08-04'),
('F-039', 'P-088', '14:00', 18, 'Business', 'B08', '2024-08-05'),
('F-039', 'P-089', '14:15', 19, 'Business', 'B09', '2024-08-06'),
('F-039', 'P-090', '14:30', 20, 'Business', 'B10', '2024-08-07'),
('F-039', 'P-091', '14:45', 21, 'Business', 'B11', '2024-08-08'),
('F-039', 'P-092', '15:00', 22, 'Business', 'B12', '2024-08-09'),
('F-040', 'P-093', '06:00', 23, 'Economy', 'A01', '2024-08-10'),
('F-040', 'P-094', '06:15', 24, 'Economy', 'A02', '2024-08-11'),
('F-040', 'P-095', '06:30', 25, 'Economy', 'A03', '2024-08-12'),
('F-040', 'P-096', '06:45', 26, 'Economy', 'A04', '2024-08-13'),
('F-040', 'P-097', '07:00', 27, 'Economy', 'A05', '2024-08-14'),
('F-040', 'P-098', '07:15', 28, 'Economy', 'A06', '2024-08-15'),
('F-040', 'P-099', '07:30', 29, 'Economy', 'A07', '2024-08-16'),
('F-040', 'P-100', '07:45', 30, 'Economy', 'A08', '2024-08-17'),
('F-040', 'P-101', '08:00', 31, 'Economy', 'A09', '2024-08-18'),
('F-040', 'P-102', '08:15', 32, 'Economy', 'A10', '2024-08-19'),
('F-040', 'P-103', '08:30', 33, 'Economy', 'A11', '2024-08-20'),
('F-040', 'P-104', '08:45', 34, 'Economy', 'A12', '2024-08-21'),
('F-040', 'P-105', '09:00', 35, 'Economy', 'A13', '2024-08-22'),
('F-040', 'P-106', '09:15', 36, 'Economy', 'A14', '2024-08-23'),
('F-040', 'P-107', '09:30', 37, 'Economy', 'A15', '2024-08-24'),
('F-040', 'P-108', '09:45', 38, 'Economy', 'A16', '2024-08-25'),
('F-040', 'P-109', '10:00', 39, 'Economy', 'A17', '2024-08-26'),
('F-040', 'P-110', '10:15', 40, 'Economy', 'A18', '2024-08-27'),
('F-040', 'P-111', '10:30', 01, 'Economy', 'A19', '2024-08-28'),
('F-040', 'P-112', '10:45', 02, 'Economy', 'A20', '2024-08-29'),
('F-040', 'P-113', '11:00', 03, 'Economy', 'A21', '2024-08-30'),
('F-040', 'P-114', '11:15', 04, 'Economy', 'A22', '2024-08-31'),
('F-040', 'P-115', '11:30', 05, 'Economy', 'A23', '2024-09-01'),
('F-040', 'P-116', '11:45', 06, 'Economy', 'A24', '2024-09-02'),
('F-040', 'P-117', '12:00', 07, 'Economy', 'A25', '2024-09-03'),
('F-040', 'P-118', '12:15', 08, 'Business', 'B01', '2024-09-04'),
('F-040', 'P-119', '12:30', 09, 'Business', 'B02', '2024-09-05'),
('F-040', 'P-120', '12:45', 10, 'Business', 'B03', '2024-09-06'),
('F-040', 'P-121', '13:00', 11, 'Business', 'B04', '2024-09-07'),
('F-040', 'P-122', '13:15', 12, 'Business', 'B05', '2024-09-08'),
('F-040', 'P-123', '13:30', 13, 'Business', 'B06', '2024-09-09'),
('F-040', 'P-124', '13:45', 14, 'Business', 'B07', '2024-09-10'),
('F-040', 'P-125', '14:00', 15, 'Business', 'B08', '2024-09-11'),
('F-040', 'P-126', '14:15', 16, 'Business', 'B09', '2024-09-12'),
('F-040', 'P-127', '14:30', 17, 'Business', 'B10', '2024-09-13'),
('F-040', 'P-128', '14:45', 18, 'Business', 'B11', '2024-09-14'),
('F-040', 'P-129', '15:00', 19, 'Business', 'B12', '2024-09-15'),
('F-041', 'P-130', '06:00', 20, 'Economy', 'A01', '2024-09-16'),
('F-041', 'P-001', '06:15', 21, 'Economy', 'A02', '2024-09-17'),
('F-041', 'P-002', '06:30', 22, 'Economy', 'A03', '2024-09-18'),
('F-041', 'P-003', '06:45', 23, 'Economy', 'A04', '2024-09-19'),
('F-041', 'P-004', '07:00', 24, 'Economy', 'A05', '2024-09-20'),
('F-041', 'P-005', '07:15', 25, 'Economy', 'A06', '2024-09-21'),
('F-041', 'P-006', '07:30', 26, 'Economy', 'A07', '2024-09-22'),
('F-041', 'P-007', '07:45', 27, 'Economy', 'A08', '2024-09-23'),
('F-041', 'P-008', '08:00', 28, 'Economy', 'A09', '2024-09-24'),
('F-041', 'P-009', '08:15', 29, 'Economy', 'A10', '2024-09-25'),
('F-041', 'P-010', '08:30', 30, 'Economy', 'A11', '2024-09-26'),
('F-041', 'P-011', '08:45', 31, 'Economy', 'A12', '2024-09-27'),
('F-041', 'P-012', '09:00', 32, 'Economy', 'A13', '2024-09-28'),
('F-041', 'P-013', '09:15', 33, 'Economy', 'A14', '2024-09-29'),
('F-041', 'P-014', '09:30', 34, 'Economy', 'A15', '2024-09-30'),
('F-041', 'P-015', '09:45', 35, 'Economy', 'A16', '2024-10-01'),
('F-041', 'P-016', '10:00', 36, 'Economy', 'A17', '2024-10-02'),
('F-041', 'P-017', '10:15', 37, 'Economy', 'A18', '2024-10-03'),
('F-041', 'P-018', '10:30', 38, 'Economy', 'A19', '2024-10-04'),
('F-041', 'P-019', '10:45', 39, 'Economy', 'A20', '2024-10-05'),
('F-041', 'P-020', '11:00', 40, 'Economy', 'A21', '2024-10-06'),
('F-041', 'P-021', '11:15', 01, 'Economy', 'A22', '2024-10-07'),
('F-041', 'P-022', '11:30', 02, 'Economy', 'A23', '2024-10-08'),
('F-041', 'P-023', '11:45', 03, 'Economy', 'A24', '2024-10-09'),
('F-041', 'P-024', '12:00', 04, 'Economy', 'A25', '2024-10-10'),
('F-041', 'P-025', '12:15', 05, 'Business', 'B01', '2024-10-11'),
('F-041', 'P-026', '12:30', 06, 'Business', 'B02', '2024-10-12'),
('F-041', 'P-027', '12:45', 07, 'Business', 'B03', '2024-10-13'),
('F-041', 'P-028', '13:00', 08, 'Business', 'B04', '2024-10-14'),
('F-041', 'P-029', '13:15', 09, 'Business', 'B05', '2024-10-15'),
('F-041', 'P-030', '13:30', 10, 'Business', 'B06', '2024-10-16'),
('F-041', 'P-031', '13:45', 11, 'Business', 'B07', '2024-10-17'),
('F-041', 'P-032', '14:00', 12, 'Business', 'B08', '2024-10-18'),
('F-041', 'P-033', '14:15', 13, 'Business', 'B09', '2024-10-19'),
('F-041', 'P-034', '14:30', 14, 'Business', 'B10', '2024-10-20'),
('F-041', 'P-035', '14:45', 15, 'Business', 'B11', '2024-10-21'),
('F-041', 'P-036', '15:00', 16, 'Business', 'B12', '2024-10-22'),
('F-042', 'P-037', '06:00', 17, 'Economy', 'A01', '2024-10-23'),
('F-042', 'P-038', '06:15', 18, 'Economy', 'A02', '2024-10-24'),
('F-042', 'P-039', '06:30', 19, 'Economy', 'A03', '2024-10-25'),
('F-042', 'P-040', '06:45', 20, 'Economy', 'A04', '2024-10-26'),
('F-042', 'P-041', '07:00', 21, 'Economy', 'A05', '2024-10-27'),
('F-042', 'P-042', '07:15', 22, 'Economy', 'A06', '2024-10-28'),
('F-042', 'P-043', '07:30', 23, 'Economy', 'A07', '2024-10-29'),
('F-042', 'P-044', '07:45', 24, 'Economy', 'A08', '2024-10-30'),
('F-042', 'P-045', '08:00', 25, 'Economy', 'A09', '2024-10-31'),
('F-042', 'P-046', '08:15', 26, 'Economy', 'A10', '2024-11-01'),
('F-042', 'P-047', '08:30', 27, 'Economy', 'A11', '2024-11-02'),
('F-042', 'P-048', '08:45', 28, 'Economy', 'A12', '2024-11-03'),
('F-042', 'P-049', '09:00', 29, 'Economy', 'A13', '2024-11-04'),
('F-042', 'P-050', '09:15', 30, 'Economy', 'A14', '2024-11-05'),
('F-042', 'P-051', '09:30', 31, 'Economy', 'A15', '2024-11-06'),
('F-042', 'P-052', '09:45', 32, 'Economy', 'A16', '2024-11-07'),
('F-042', 'P-053', '10:00', 33, 'Economy', 'A17', '2024-11-08'),
('F-042', 'P-054', '10:15', 34, 'Economy', 'A18', '2024-11-09'),
('F-042', 'P-055', '10:30', 35, 'Economy', 'A19', '2024-11-10'),
('F-042', 'P-056', '10:45', 36, 'Economy', 'A20', '2024-11-11'),
('F-042', 'P-057', '11:00', 37, 'Economy', 'A21', '2024-11-12'),
('F-042', 'P-058', '11:15', 38, 'Economy', 'A22', '2024-11-13'),
('F-042', 'P-059', '11:30', 39, 'Economy', 'A23', '2024-11-14'),
('F-042', 'P-060', '11:45', 40, 'Economy', 'A24', '2024-11-15'),
('F-042', 'P-061', '12:00', 01, 'Economy', 'A25', '2024-11-16'),
('F-042', 'P-062', '12:15', 02, 'Business', 'B01', '2024-11-17'),
('F-042', 'P-063', '12:30', 03, 'Business', 'B02', '2024-11-18'),
('F-042', 'P-064', '12:45', 04, 'Business', 'B03', '2024-11-19'),
('F-042', 'P-065', '13:00', 05, 'Business', 'B04', '2024-11-20'),
('F-042', 'P-066', '13:15', 06, 'Business', 'B05', '2024-11-21'),
('F-042', 'P-067', '13:30', 07, 'Business', 'B06', '2024-11-22'),
('F-042', 'P-068', '13:45', 08, 'Business', 'B07', '2024-11-23'),
('F-042', 'P-069', '14:00', 09, 'Business', 'B08', '2024-11-24'),
('F-042', 'P-070', '14:15', 10, 'Business', 'B09', '2024-11-25'),
('F-042', 'P-071', '14:30', 11, 'Business', 'B10', '2024-11-26'),
('F-042', 'P-072', '14:45', 12, 'Business', 'B11', '2024-11-27'),
('F-042', 'P-073', '15:00', 13, 'Business', 'B12', '2024-11-28'),
('F-043', 'P-074', '06:00', 14, 'Economy', 'A01', '2024-11-29'),
('F-043', 'P-075', '06:15', 15, 'Economy', 'A02', '2024-11-30'),
('F-043', 'P-076', '06:30', 16, 'Economy', 'A03', '2024-12-01'),
('F-043', 'P-077', '06:45', 17, 'Economy', 'A04', '2024-12-02'),
('F-043', 'P-078', '07:00', 18, 'Economy', 'A05', '2024-12-03'),
('F-043', 'P-079', '07:15', 19, 'Economy', 'A06', '2024-12-04'),
('F-043', 'P-080', '07:30', 20, 'Economy', 'A07', '2024-12-05'),
('F-043', 'P-081', '07:45', 21, 'Economy', 'A08', '2024-12-06'),
('F-043', 'P-082', '08:00', 22, 'Economy', 'A09', '2024-12-07'),
('F-043', 'P-083', '08:15', 23, 'Economy', 'A10', '2024-12-08'),
('F-043', 'P-084', '08:30', 24, 'Economy', 'A11', '2024-12-09'),
('F-043', 'P-085', '08:45', 25, 'Economy', 'A12', '2024-12-10'),
('F-043', 'P-086', '09:00', 26, 'Economy', 'A13', '2024-12-11'),
('F-043', 'P-087', '09:15', 27, 'Economy', 'A14', '2024-12-12'),
('F-043', 'P-088', '09:30', 28, 'Economy', 'A15', '2024-12-13'),
('F-043', 'P-089', '09:45', 29, 'Economy', 'A16', '2024-12-14'),
('F-043', 'P-090', '10:00', 30, 'Economy', 'A17', '2024-12-15'),
('F-043', 'P-091', '10:15', 31, 'Economy', 'A18', '2024-12-16'),
('F-043', 'P-092', '10:30', 32, 'Economy', 'A19', '2024-12-17'),
('F-043', 'P-093', '10:45', 33, 'Economy', 'A20', '2024-12-18'),
('F-043', 'P-094', '11:00', 34, 'Economy', 'A21', '2024-12-19'),
('F-043', 'P-095', '11:15', 35, 'Economy', 'A22', '2024-12-20'),
('F-043', 'P-096', '11:30', 36, 'Economy', 'A23', '2024-12-21'),
('F-043', 'P-097', '11:45', 37, 'Economy', 'A24', '2024-12-22'),
('F-043', 'P-098', '12:00', 38, 'Economy', 'A25', '2024-12-23'),
('F-043', 'P-099', '12:15', 39, 'Business', 'B01', '2024-12-24'),
('F-043', 'P-100', '12:30', 40, 'Business', 'B02', '2024-12-25'),
('F-043', 'P-101', '12:45', 01, 'Business', 'B03', '2024-12-26'),
('F-043', 'P-102', '13:00', 02, 'Business', 'B04', '2024-12-27'),
('F-043', 'P-103', '13:15', 03, 'Business', 'B05', '2024-12-28'),
('F-043', 'P-104', '13:30', 04, 'Business', 'B06', '2024-12-29'),
('F-043', 'P-105', '13:45', 05, 'Business', 'B07', '2024-12-30'),
('F-043', 'P-106', '14:00', 06, 'Business', 'B08', '2024-12-31'),
('F-044', 'P-001', '06:00', 01, 'Business', 'B01', '2024-01-01'),
('F-044', 'P-002', '06:15', 02, 'Business', 'B02', '2024-01-02'),
('F-044', 'P-003', '06:30', 03, 'Business', 'B03', '2024-01-03'),
('F-044', 'P-004', '06:45', 04, 'Business', 'B04', '2024-01-04'),
('F-044', 'P-005', '07:00', 05, 'Business', 'B05', '2024-01-05'),
('F-044', 'P-006', '07:15', 06, 'Business', 'B06', '2024-01-06'),
('F-044', 'P-007', '07:30', 07, 'Business', 'B07', '2024-01-07'),
('F-044', 'P-008', '07:45', 08, 'Business', 'B08', '2024-01-08'),
('F-044', 'P-009', '08:00', 09, 'Business', 'B09', '2024-01-09'),
('F-044', 'P-010', '08:15', 10, 'Business', 'B10', '2024-01-10'),
('F-044', 'P-011', '08:30', 11, 'Business', 'B11', '2024-01-11'),
('F-044', 'P-012', '08:45', 12, 'Business', 'B12', '2024-01-12'),
('F-044', 'P-013', '09:00', 13, 'Economy', 'A01', '2024-01-13'),
('F-044', 'P-014', '09:15', 14, 'Economy', 'A02', '2024-01-14'),
('F-044', 'P-015', '09:30', 15, 'Economy', 'A03', '2024-01-15'),
('F-044', 'P-016', '09:45', 16, 'Economy', 'A04', '2024-01-16'),
('F-044', 'P-017', '10:00', 17, 'Economy', 'A05', '2024-01-17'),
('F-044', 'P-018', '10:15', 18, 'Economy', 'A06', '2024-01-18'),
('F-044', 'P-019', '10:30', 19, 'Economy', 'A07', '2024-01-19'),
('F-044', 'P-020', '10:45', 20, 'Economy', 'A08', '2024-01-20'),
('F-044', 'P-021', '11:00', 21, 'Economy', 'A09', '2024-01-21'),
('F-044', 'P-022', '11:15', 22, 'Economy', 'A10', '2024-01-22'),
('F-044', 'P-023', '11:30', 23, 'Economy', 'A11', '2024-01-23'),
('F-044', 'P-024', '11:45', 24, 'Economy', 'A12', '2024-01-24'),
('F-044', 'P-025', '12:00', 25, 'Economy', 'A13', '2024-01-25'),
('F-044', 'P-026', '12:15', 26, 'Economy', 'A14', '2024-01-26'),
('F-044', 'P-027', '12:30', 27, 'Economy', 'A15', '2024-01-27'),
('F-044', 'P-028', '12:45', 28, 'Economy', 'A16', '2024-01-28'),
('F-044', 'P-029', '13:00', 29, 'Economy', 'A17', '2024-01-29'),
('F-044', 'P-030', '13:15', 30, 'Economy', 'A18', '2024-01-30'),
('F-044', 'P-031', '13:30', 31, 'Economy', 'A19', '2024-01-31'),
('F-044', 'P-032', '13:45', 32, 'Economy', 'A20', '2024-02-01'),
('F-044', 'P-033', '14:00', 33, 'Economy', 'A21', '2024-02-02'),
('F-044', 'P-034', '14:15', 34, 'Economy', 'A22', '2024-02-03'),
('F-044', 'P-035', '14:30', 35, 'Economy', 'A23', '2024-02-04'),
('F-044', 'P-036', '14:45', 36, 'Economy', 'A24', '2024-02-05'),
('F-044', 'P-037', '15:00', 37, 'Economy', 'A25', '2024-02-06'),
('F-044', 'P-038', '06:00', 38, 'Business', 'B01', '2024-02-07'),
('F-044', 'P-039', '06:15', 39, 'Business', 'B02', '2024-02-08'),
('F-044', 'P-040', '06:30', 40, 'Business', 'B03', '2024-02-09'),
('F-044', 'P-041', '06:45', 01, 'Business', 'B04', '2024-02-10'),
('F-044', 'P-042', '07:00', 02, 'Business', 'B05', '2024-02-11'),
('F-044', 'P-043', '07:15', 03, 'Business', 'B06', '2024-02-12'),
('F-044', 'P-044', '07:30', 04, 'Business', 'B07', '2024-02-13'),
('F-044', 'P-045', '07:45', 05, 'Business', 'B08', '2024-02-14'),
('F-044', 'P-046', '08:00', 06, 'Business', 'B09', '2024-02-15'),
('F-044', 'P-047', '08:15', 07, 'Business', 'B10', '2024-02-16'),
('F-044', 'P-048', '08:30', 08, 'Business', 'B11', '2024-02-17'),
('F-044', 'P-049', '08:45', 09, 'Business', 'B12', '2024-02-18'),
('F-044', 'P-050', '09:00', 10, 'Economy', 'A01', '2024-02-19'),
('F-044', 'P-051', '09:15', 11, 'Economy', 'A02', '2024-02-20'),
('F-044', 'P-052', '09:30', 12, 'Economy', 'A03', '2024-02-21'),
('F-044', 'P-053', '09:45', 13, 'Economy', 'A04', '2024-02-22'),
('F-044', 'P-054', '10:00', 14, 'Economy', 'A05', '2024-02-23'),
('F-044', 'P-055', '10:15', 15, 'Economy', 'A06', '2024-02-24'),
('F-044', 'P-056', '10:30', 16, 'Economy', 'A07', '2024-02-25'),
('F-044', 'P-057', '10:45', 17, 'Economy', 'A08', '2024-02-26'),
('F-044', 'P-058', '11:00', 18, 'Economy', 'A09', '2024-02-27'),
('F-044', 'P-059', '11:15', 19, 'Economy', 'A10', '2024-02-28'),
('F-044', 'P-060', '11:30', 20, 'Economy', 'A11', '2024-02-29'),
('F-044', 'P-061', '11:45', 21, 'Economy', 'A12', '2024-03-01'),
('F-044', 'P-062', '12:00', 22, 'Economy', 'A13', '2024-03-02'),
('F-044', 'P-063', '12:15', 23, 'Economy', 'A14', '2024-03-03'),
('F-044', 'P-064', '12:30', 24, 'Economy', 'A15', '2024-03-04'),
('F-044', 'P-065', '12:45', 25, 'Economy', 'A16', '2024-03-05'),
('F-044', 'P-066', '13:00', 26, 'Economy', 'A17', '2024-03-06'),
('F-044', 'P-067', '13:15', 27, 'Economy', 'A18', '2024-03-07'),
('F-044', 'P-068', '13:30', 28, 'Economy', 'A19', '2024-03-08'),
('F-044', 'P-069', '13:45', 29, 'Economy', 'A20', '2024-03-09'),
('F-044', 'P-070', '14:00', 30, 'Economy', 'A21', '2024-03-10'),
('F-044', 'P-071', '14:15', 31, 'Economy', 'A22', '2024-03-11'),
('F-044', 'P-072', '14:30', 32, 'Economy', 'A23', '2024-03-12'),
('F-044', 'P-073', '14:45', 33, 'Economy', 'A24', '2024-03-13'),
('F-044', 'P-074', '15:00', 34, 'Economy', 'A25', '2024-03-14'),
('F-044', 'P-075', '06:00', 35, 'Business', 'B01', '2024-03-15'),
('F-044', 'P-076', '06:15', 36, 'Business', 'B02', '2024-03-16'),
('F-044', 'P-077', '06:30', 37, 'Business', 'B03', '2024-03-17'),
('F-044', 'P-078', '06:45', 38, 'Business', 'B04', '2024-03-18'),
('F-044', 'P-079', '07:00', 39, 'Business', 'B05', '2024-03-19'),
('F-044', 'P-080', '07:15', 40, 'Business', 'B06', '2024-03-20'),
('F-044', 'P-081', '07:30', 01, 'Business', 'B07', '2024-03-21'),
('F-044', 'P-082', '07:45', 02, 'Business', 'B08', '2024-03-22'),
('F-044', 'P-083', '08:00', 03, 'Business', 'B09', '2024-03-23'),
('F-044', 'P-084', '08:15', 04, 'Business', 'B10', '2024-03-24'),
('F-044', 'P-085', '08:30', 05, 'Business', 'B11', '2024-03-25'),
('F-044', 'P-086', '08:45', 06, 'Business', 'B12', '2024-03-26'),
('F-044', 'P-087', '09:00', 07, 'Economy', 'A01', '2024-03-27'),
('F-044', 'P-088', '09:15', 08, 'Economy', 'A02', '2024-03-28'),
('F-044', 'P-089', '09:30', 09, 'Economy', 'A03', '2024-03-29'),
('F-044', 'P-090', '09:45', 10, 'Economy', 'A04', '2024-03-30'),
('F-044', 'P-091', '10:00', 11, 'Economy', 'A05', '2024-03-31'),
('F-044', 'P-092', '10:15', 12, 'Economy', 'A06', '2024-04-01'),
('F-044', 'P-093', '10:30', 13, 'Economy', 'A07', '2024-04-02'),
('F-044', 'P-094', '10:45', 14, 'Economy', 'A08', '2024-04-03'),
('F-044', 'P-095', '11:00', 15, 'Economy', 'A09', '2024-04-04'),
('F-044', 'P-096', '11:15', 16, 'Economy', 'A10', '2024-04-05'),
('F-044', 'P-097', '11:30', 17, 'Economy', 'A11', '2024-04-06'),
('F-044', 'P-098', '11:45', 18, 'Economy', 'A12', '2024-04-07'),
('F-044', 'P-099', '12:00', 19, 'Economy', 'A13', '2024-04-08'),
('F-044', 'P-100', '12:15', 20, 'Economy', 'A14', '2024-04-09'),
('F-044', 'P-101', '12:30', 21, 'Economy', 'A15', '2024-04-10'),
('F-044', 'P-102', '12:45', 22, 'Economy', 'A16', '2024-04-11'),
('F-044', 'P-103', '13:00', 23, 'Economy', 'A17', '2024-04-12'),
('F-044', 'P-104', '13:15', 24, 'Economy', 'A18', '2024-04-13'),
('F-044', 'P-105', '13:30', 25, 'Economy', 'A19', '2024-04-14'),
('F-044', 'P-106', '13:45', 26, 'Economy', 'A20', '2024-04-15'),
('F-044', 'P-107', '14:00', 27, 'Economy', 'A21', '2024-04-16'),
('F-044', 'P-108', '14:15', 28, 'Economy', 'A22', '2024-04-17'),
('F-044', 'P-109', '14:30', 29, 'Economy', 'A23', '2024-04-18'),
('F-044', 'P-110', '14:45', 30, 'Economy', 'A24', '2024-04-19'),
('F-044', 'P-111', '15:00', 31, 'Economy', 'A25', '2024-04-20'),
('F-044', 'P-112', '06:00', 32, 'Business', 'B01', '2024-04-21'),
('F-044', 'P-113', '06:15', 33, 'Business', 'B02', '2024-04-22'),
('F-044', 'P-114', '06:30', 34, 'Business', 'B03', '2024-04-23'),
('F-044', 'P-115', '06:45', 35, 'Business', 'B04', '2024-04-24'),
('F-044', 'P-116', '07:00', 36, 'Business', 'B05', '2024-04-25'),
('F-044', 'P-117', '07:15', 37, 'Business', 'B06', '2024-04-26'),
('F-044', 'P-118', '07:30', 38, 'Business', 'B07', '2024-04-27'),
('F-044', 'P-119', '07:45', 39, 'Business', 'B08', '2024-04-28'),
('F-044', 'P-120', '08:00', 40, 'Business', 'B09', '2024-04-29'),
('F-044', 'P-121', '08:15', 01, 'Business', 'B10', '2024-04-30'),
('F-044', 'P-122', '08:30', 02, 'Business', 'B11', '2024-05-01'),
('F-044', 'P-123', '08:45', 03, 'Business', 'B12', '2024-05-02'),
('F-044', 'P-124', '09:00', 04, 'Economy', 'A01', '2024-05-03'),
('F-044', 'P-125', '09:15', 05, 'Economy', 'A02', '2024-05-04'),
('F-044', 'P-126', '09:30', 06, 'Economy', 'A03', '2024-05-05'),
('F-044', 'P-127', '09:45', 07, 'Economy', 'A04', '2024-05-06'),
('F-044', 'P-128', '10:00', 08, 'Economy', 'A05', '2024-05-07'),
('F-044', 'P-129', '10:15', 09, 'Economy', 'A06', '2024-05-08'),
('F-044', 'P-130', '10:30', 10, 'Economy', 'A07', '2024-05-09'),
('F-045', 'P-001', '06:00', 01, 'Business', 'B01', '2024-01-01'),
('F-045', 'P-002', '06:15', 02, 'Business', 'B02', '2024-01-02'),
('F-045', 'P-003', '06:30', 03, 'Business', 'B03', '2024-01-03'),
('F-045', 'P-004', '06:45', 04, 'Business', 'B04', '2024-01-04'),
('F-045', 'P-005', '07:00', 05, 'Business', 'B05', '2024-01-05'),
('F-045', 'P-006', '07:15', 06, 'Business', 'B06', '2024-01-06'),
('F-045', 'P-007', '07:30', 07, 'Business', 'B07', '2024-01-07'),
('F-045', 'P-008', '07:45', 08, 'Business', 'B08', '2024-01-08'),
('F-045', 'P-009', '08:00', 09, 'Business', 'B09', '2024-01-09'),
('F-045', 'P-010', '08:15', 10, 'Business', 'B10', '2024-01-10'),
('F-045', 'P-011', '08:30', 11, 'Business', 'B11', '2024-01-11'),
('F-045', 'P-012', '08:45', 12, 'Business', 'B12', '2024-01-12'),
('F-045', 'P-013', '09:00', 13, 'Economy', 'A01', '2024-01-13'),
('F-045', 'P-014', '09:15', 14, 'Economy', 'A02', '2024-01-14'),
('F-045', 'P-015', '09:30', 15, 'Economy', 'A03', '2024-01-15'),
('F-045', 'P-016', '09:45', 16, 'Economy', 'A04', '2024-01-16'),
('F-045', 'P-017', '10:00', 17, 'Economy', 'A05', '2024-01-17'),
('F-045', 'P-018', '10:15', 18, 'Economy', 'A06', '2024-01-18'),
('F-045', 'P-019', '10:30', 19, 'Economy', 'A07', '2024-01-19'),
('F-045', 'P-020', '10:45', 20, 'Economy', 'A08', '2024-01-20'),
('F-045', 'P-021', '11:00', 21, 'Economy', 'A09', '2024-01-21'),
('F-045', 'P-022', '11:15', 22, 'Economy', 'A10', '2024-01-22'),
('F-045', 'P-023', '11:30', 23, 'Economy', 'A11', '2024-01-23'),
('F-045', 'P-024', '11:45', 24, 'Economy', 'A12', '2024-01-24'),
('F-045', 'P-025', '12:00', 25, 'Economy', 'A13', '2024-01-25'),
('F-045', 'P-026', '12:15', 26, 'Economy', 'A14', '2024-01-26'),
('F-045', 'P-027', '12:30', 27, 'Economy', 'A15', '2024-01-27'),
('F-045', 'P-028', '12:45', 28, 'Economy', 'A16', '2024-01-28'),
('F-045', 'P-029', '13:00', 29, 'Economy', 'A17', '2024-01-29'),
('F-045', 'P-030', '13:15', 30, 'Economy', 'A18', '2024-01-30'),
('F-045', 'P-031', '13:30', 31, 'Economy', 'A19', '2024-01-31'),
('F-045', 'P-032', '13:45', 32, 'Economy', 'A20', '2024-02-01'),
('F-045', 'P-033', '14:00', 33, 'Economy', 'A21', '2024-02-02'),
('F-045', 'P-034', '14:15', 34, 'Economy', 'A22', '2024-02-03'),
('F-045', 'P-035', '14:30', 35, 'Economy', 'A23', '2024-02-04'),
('F-045', 'P-036', '14:45', 36, 'Economy', 'A24', '2024-02-05'),
('F-045', 'P-037', '15:00', 37, 'Economy', 'A25', '2024-02-06'),
('F-045', 'P-038', '06:00', 38, 'Business', 'B01', '2024-02-07'),
('F-045', 'P-039', '06:15', 39, 'Business', 'B02', '2024-02-08'),
('F-045', 'P-040', '06:30', 40, 'Business', 'B03', '2024-02-09'),
('F-045', 'P-041', '06:45', 01, 'Business', 'B04', '2024-02-10'),
('F-045', 'P-042', '07:00', 02, 'Business', 'B05', '2024-02-11'),
('F-045', 'P-043', '07:15', 03, 'Business', 'B06', '2024-02-12'),
('F-045', 'P-044', '07:30', 04, 'Business', 'B07', '2024-02-13'),
('F-045', 'P-045', '07:45', 05, 'Business', 'B08', '2024-02-14'),
('F-045', 'P-046', '08:00', 06, 'Business', 'B09', '2024-02-15'),
('F-045', 'P-047', '08:15', 07, 'Business', 'B10', '2024-02-16'),
('F-045', 'P-048', '08:30', 08, 'Business', 'B11', '2024-02-17'),
('F-045', 'P-049', '08:45', 09, 'Business', 'B12', '2024-02-18'),
('F-045', 'P-050', '09:00', 10, 'Economy', 'A01', '2024-02-19'),
('F-045', 'P-051', '09:15', 11, 'Economy', 'A02', '2024-02-20'),
('F-045', 'P-052', '09:30', 12, 'Economy', 'A03', '2024-02-21'),
('F-045', 'P-053', '09:45', 13, 'Economy', 'A04', '2024-02-22'),
('F-045', 'P-054', '10:00', 14, 'Economy', 'A05', '2024-02-23'),
('F-045', 'P-055', '10:15', 15, 'Economy', 'A06', '2024-02-24'),
('F-045', 'P-056', '10:30', 16, 'Economy', 'A07', '2024-02-25'),
('F-045', 'P-057', '10:45', 17, 'Economy', 'A08', '2024-02-26'),
('F-045', 'P-058', '11:00', 18, 'Economy', 'A09', '2024-02-27'),
('F-045', 'P-059', '11:15', 19, 'Economy', 'A10', '2024-02-28'),
('F-045', 'P-060', '11:30', 20, 'Economy', 'A11', '2024-02-29'),
('F-045', 'P-061', '11:45', 21, 'Economy', 'A12', '2024-03-01'),
('F-045', 'P-062', '12:00', 22, 'Economy', 'A13', '2024-03-02'),
('F-045', 'P-063', '12:15', 23, 'Economy', 'A14', '2024-03-03'),
('F-045', 'P-064', '12:30', 24, 'Economy', 'A15', '2024-03-04'),
('F-045', 'P-065', '12:45', 25, 'Economy', 'A16', '2024-03-05'),
('F-045', 'P-066', '13:00', 26, 'Economy', 'A17', '2024-03-06'),
('F-045', 'P-067', '13:15', 27, 'Economy', 'A18', '2024-03-07'),
('F-045', 'P-068', '13:30', 28, 'Economy', 'A19', '2024-03-08'),
('F-045', 'P-069', '13:45', 29, 'Economy', 'A20', '2024-03-09'),
('F-045', 'P-070', '14:00', 30, 'Economy', 'A21', '2024-03-10'),
('F-045', 'P-071', '14:15', 31, 'Economy', 'A22', '2024-03-11'),
('F-045', 'P-072', '14:30', 32, 'Economy', 'A23', '2024-03-12'),
('F-045', 'P-073', '14:45', 33, 'Economy', 'A24', '2024-03-13'),
('F-045', 'P-074', '15:00', 34, 'Economy', 'A25', '2024-03-14'),
('F-045', 'P-075', '06:00', 35, 'Business', 'B01', '2024-03-15'),
('F-045', 'P-076', '06:15', 36, 'Business', 'B02', '2024-03-16'),
('F-045', 'P-077', '06:30', 37, 'Business', 'B03', '2024-03-17'),
('F-045', 'P-078', '06:45', 38, 'Business', 'B04', '2024-03-18'),
('F-045', 'P-079', '07:00', 39, 'Business', 'B05', '2024-03-19'),
('F-045', 'P-080', '07:15', 40, 'Business', 'B06', '2024-03-20'),
('F-045', 'P-081', '07:30', 01, 'Business', 'B07', '2024-03-21'),
('F-045', 'P-082', '07:45', 02, 'Business', 'B08', '2024-03-22'),
('F-045', 'P-083', '08:00', 03, 'Business', 'B09', '2024-03-23'),
('F-045', 'P-084', '08:15', 04, 'Business', 'B10', '2024-03-24'),
('F-045', 'P-085', '08:30', 05, 'Business', 'B11', '2024-03-25'),
('F-045', 'P-086', '08:45', 06, 'Business', 'B12', '2024-03-26'),
('F-045', 'P-087', '09:00', 07, 'Economy', 'A01', '2024-03-27'),
('F-045', 'P-088', '09:15', 08, 'Economy', 'A02', '2024-03-28'),
('F-045', 'P-089', '09:30', 09, 'Economy', 'A03', '2024-03-29'),
('F-045', 'P-090', '09:45', 10, 'Economy', 'A04', '2024-03-30'),
('F-045', 'P-091', '10:00', 11, 'Economy', 'A05', '2024-03-31'),
('F-045', 'P-092', '10:15', 12, 'Economy', 'A06', '2024-04-01'),
('F-045', 'P-093', '10:30', 13, 'Economy', 'A07', '2024-04-02'),
('F-045', 'P-094', '10:45', 14, 'Economy', 'A08', '2024-04-03'),
('F-045', 'P-095', '11:00', 15, 'Economy', 'A09', '2024-04-04'),
('F-045', 'P-096', '11:15', 16, 'Economy', 'A10', '2024-04-05'),
('F-045', 'P-097', '11:30', 17, 'Economy', 'A11', '2024-04-06'),
('F-045', 'P-098', '11:45', 18, 'Economy', 'A12', '2024-04-07'),
('F-045', 'P-099', '12:00', 19, 'Economy', 'A13', '2024-04-08'),
('F-045', 'P-100', '12:15', 20, 'Economy', 'A14', '2024-04-09'),
('F-045', 'P-101', '12:30', 21, 'Economy', 'A15', '2024-04-10'),
('F-045', 'P-102', '12:45', 22, 'Economy', 'A16', '2024-04-11'),
('F-045', 'P-103', '13:00', 23, 'Economy', 'A17', '2024-04-12'),
('F-045', 'P-104', '13:15', 24, 'Economy', 'A18', '2024-04-13'),
('F-045', 'P-105', '13:30', 25, 'Economy', 'A19', '2024-04-14'),
('F-045', 'P-106', '13:45', 26, 'Economy', 'A20', '2024-04-15'),
('F-045', 'P-107', '14:00', 27, 'Economy', 'A21', '2024-04-16'),
('F-045', 'P-108', '14:15', 28, 'Economy', 'A22', '2024-04-17'),
('F-045', 'P-109', '14:30', 29, 'Economy', 'A23', '2024-04-18'),
('F-045', 'P-110', '14:45', 30, 'Economy', 'A24', '2024-04-19'),
('F-045', 'P-111', '15:00', 31, 'Economy', 'A25', '2024-04-20'),
('F-045', 'P-112', '06:00', 32, 'Business', 'B01', '2024-04-21'),
('F-045', 'P-113', '06:15', 33, 'Business', 'B02', '2024-04-22'),
('F-045', 'P-114', '06:30', 34, 'Business', 'B03', '2024-04-23'),
('F-045', 'P-115', '06:45', 35, 'Business', 'B04', '2024-04-24'),
('F-045', 'P-116', '07:00', 36, 'Business', 'B05', '2024-04-25'),
('F-045', 'P-117', '07:15', 37, 'Business', 'B06', '2024-04-26'),
('F-045', 'P-118', '07:30', 38, 'Business', 'B07', '2024-04-27'),
('F-045', 'P-119', '07:45', 39, 'Business', 'B08', '2024-04-28'),
('F-045', 'P-120', '08:00', 40, 'Business', 'B09', '2024-04-29'),
('F-045', 'P-121', '08:15', 01, 'Business', 'B10', '2024-04-30'),
('F-045', 'P-122', '08:30', 02, 'Business', 'B11', '2024-05-01'),
('F-045', 'P-123', '08:45', 03, 'Business', 'B12', '2024-05-02'),
('F-045', 'P-124', '09:00', 04, 'Economy', 'A01', '2024-05-03'),
('F-045', 'P-125', '09:15', 05, 'Economy', 'A02', '2024-05-04'),
('F-045', 'P-126', '09:30', 06, 'Economy', 'A03', '2024-05-05'),
('F-045', 'P-127', '09:45', 07, 'Economy', 'A04', '2024-05-06'),
('F-045', 'P-128', '10:00', 08, 'Economy', 'A05', '2024-05-07'),
('F-045', 'P-129', '10:15', 09, 'Economy', 'A06', '2024-05-08'),
('F-045', 'P-130', '10:30', 10, 'Economy', 'A07', '2024-05-09'),
('F-046', 'P-001', '10:45', 11, 'Economy', 'A08', '2024-05-10'),
('F-046', 'P-002', '11:00', 12, 'Economy', 'A09', '2024-05-11'),
('F-046', 'P-003', '11:15', 13, 'Economy', 'A10', '2024-05-12'),
('F-046', 'P-004', '11:30', 14, 'Economy', 'A11', '2024-05-13'),
('F-046', 'P-005', '11:45', 15, 'Economy', 'A12', '2024-05-14'),
('F-046', 'P-006', '12:00', 16, 'Economy', 'A13', '2024-05-15'),
('F-046', 'P-007', '12:15', 17, 'Economy', 'A14', '2024-05-16'),
('F-046', 'P-008', '12:30', 18, 'Economy', 'A15', '2024-05-17'),
('F-046', 'P-009', '12:45', 19, 'Economy', 'A16', '2024-05-18'),
('F-046', 'P-010', '13:00', 20, 'Economy', 'A17', '2024-05-19'),
('F-046', 'P-011', '13:15', 21, 'Economy', 'A18', '2024-05-20'),
('F-046', 'P-012', '13:30', 22, 'Economy', 'A19', '2024-05-21'),
('F-046', 'P-013', '13:45', 23, 'Economy', 'A20', '2024-05-22'),
('F-046', 'P-014', '14:00', 24, 'Economy', 'A21', '2024-05-23'),
('F-046', 'P-015', '14:15', 25, 'Economy', 'A22', '2024-05-24'),
('F-046', 'P-016', '14:30', 26, 'Economy', 'A23', '2024-05-25'),
('F-046', 'P-017', '14:45', 27, 'Economy', 'A24', '2024-05-26'),
('F-046', 'P-018', '15:00', 28, 'Economy', 'A25', '2024-05-27'),
('F-046', 'P-019', '06:00', 29, 'Business', 'B01', '2024-05-28'),
('F-046', 'P-020', '06:15', 30, 'Business', 'B02', '2024-05-29'),
('F-046', 'P-021', '06:30', 31, 'Business', 'B03', '2024-05-30'),
('F-046', 'P-022', '06:45', 32, 'Business', 'B04', '2024-05-31'),
('F-046', 'P-023', '07:00', 33, 'Business', 'B05', '2024-06-01'),
('F-046', 'P-024', '07:15', 34, 'Business', 'B06', '2024-06-02'),
('F-046', 'P-025', '07:30', 35, 'Business', 'B07', '2024-06-03'),
('F-046', 'P-026', '07:45', 36, 'Business', 'B08', '2024-06-04'),
('F-046', 'P-027', '08:00', 37, 'Business', 'B09', '2024-06-05'),
('F-046', 'P-028', '08:15', 38, 'Business', 'B10', '2024-06-06'),
('F-046', 'P-029', '08:30', 39, 'Business', 'B11', '2024-06-07'),
('F-046', 'P-030', '08:45', 40, 'Business', 'B12', '2024-06-08'),
('F-046', 'P-031', '09:00', 01, 'Economy', 'A01', '2024-06-09'),
('F-046', 'P-032', '09:15', 02, 'Economy', 'A02', '2024-06-10'),
('F-046', 'P-033', '09:30', 03, 'Economy', 'A03', '2024-06-11'),
('F-046', 'P-034', '09:45', 04, 'Economy', 'A04', '2024-06-12'),
('F-046', 'P-035', '10:00', 05, 'Economy', 'A05', '2024-06-13'),
('F-046', 'P-036', '10:15', 06, 'Economy', 'A06', '2024-06-14'),
('F-046', 'P-037', '10:30', 07, 'Economy', 'A07', '2024-06-15'),
('F-046', 'P-038', '10:45', 08, 'Economy', 'A08', '2024-06-16'),
('F-046', 'P-039', '11:00', 09, 'Economy', 'A09', '2024-06-17'),
('F-046', 'P-040', '11:15', 10, 'Economy', 'A10', '2024-06-18'),
('F-046', 'P-041', '11:30', 11, 'Economy', 'A11', '2024-06-19'),
('F-046', 'P-042', '11:45', 12, 'Economy', 'A12', '2024-06-20'),
('F-046', 'P-043', '12:00', 13, 'Economy', 'A13', '2024-06-21'),
('F-046', 'P-044', '12:15', 14, 'Economy', 'A14', '2024-06-22'),
('F-046', 'P-045', '12:30', 15, 'Economy', 'A15', '2024-06-23'),
('F-046', 'P-046', '12:45', 16, 'Economy', 'A16', '2024-06-24'),
('F-046', 'P-047', '13:00', 17, 'Economy', 'A17', '2024-06-25'),
('F-046', 'P-048', '13:15', 18, 'Economy', 'A18', '2024-06-26'),
('F-046', 'P-049', '13:30', 19, 'Economy', 'A19', '2024-06-27'),
('F-046', 'P-050', '13:45', 20, 'Economy', 'A20', '2024-06-28'),
('F-046', 'P-051', '14:00', 21, 'Economy', 'A21', '2024-06-29'),
('F-046', 'P-052', '14:15', 22, 'Economy', 'A22', '2024-06-30'),
('F-046', 'P-053', '14:30', 23, 'Economy', 'A23', '2024-07-01'),
('F-046', 'P-054', '14:45', 24, 'Economy', 'A24', '2024-07-02'),
('F-046', 'P-055', '15:00', 25, 'Economy', 'A25', '2024-07-03'),
('F-046', 'P-056', '06:00', 26, 'Business', 'B01', '2024-07-04'),
('F-046', 'P-057', '06:15', 27, 'Business', 'B02', '2024-07-05'),
('F-046', 'P-058', '06:30', 28, 'Business', 'B03', '2024-07-06'),
('F-046', 'P-059', '06:45', 29, 'Business', 'B04', '2024-07-07'),
('F-046', 'P-060', '07:00', 30, 'Business', 'B05', '2024-07-08'),
('F-046', 'P-061', '07:15', 31, 'Business', 'B06', '2024-07-09'),
('F-046', 'P-062', '07:30', 32, 'Business', 'B07', '2024-07-10'),
('F-046', 'P-063', '07:45', 33, 'Business', 'B08', '2024-07-11'),
('F-047', 'P-001', '06:00', 01, 'Business', 'B01', '2024-01-01'),
('F-047', 'P-002', '06:15', 02, 'Business', 'B02', '2024-01-02'),
('F-047', 'P-003', '06:30', 03, 'Business', 'B03', '2024-01-03'),
('F-047', 'P-004', '06:45', 04, 'Business', 'B04', '2024-01-04'),
('F-047', 'P-005', '07:00', 05, 'Business', 'B05', '2024-01-05'),
('F-047', 'P-006', '07:15', 06, 'Business', 'B06', '2024-01-06'),
('F-047', 'P-007', '07:30', 07, 'Business', 'B07', '2024-01-07'),
('F-047', 'P-008', '07:45', 08, 'Business', 'B08', '2024-01-08'),
('F-047', 'P-009', '08:00', 09, 'Business', 'B09', '2024-01-09'),
('F-047', 'P-010', '08:15', 10, 'Business', 'B10', '2024-01-10'),
('F-047', 'P-011', '08:30', 11, 'Business', 'B11', '2024-01-11'),
('F-047', 'P-012', '08:45', 12, 'Business', 'B12', '2024-01-12'),
('F-047', 'P-013', '09:00', 13, 'Economy', 'A01', '2024-01-13'),
('F-047', 'P-014', '09:15', 14, 'Economy', 'A02', '2024-01-14'),
('F-047', 'P-015', '09:30', 15, 'Economy', 'A03', '2024-01-15'),
('F-047', 'P-016', '09:45', 16, 'Economy', 'A04', '2024-01-16'),
('F-047', 'P-017', '10:00', 17, 'Economy', 'A05', '2024-01-17'),
('F-047', 'P-018', '10:15', 18, 'Economy', 'A06', '2024-01-18'),
('F-047', 'P-019', '10:30', 19, 'Economy', 'A07', '2024-01-19'),
('F-047', 'P-020', '10:45', 20, 'Economy', 'A08', '2024-01-20'),
('F-047', 'P-021', '11:00', 21, 'Economy', 'A09', '2024-01-21'),
('F-047', 'P-022', '11:15', 22, 'Economy', 'A10', '2024-01-22'),
('F-047', 'P-023', '11:30', 23, 'Economy', 'A11', '2024-01-23'),
('F-047', 'P-024', '11:45', 24, 'Economy', 'A12', '2024-01-24'),
('F-047', 'P-025', '12:00', 25, 'Economy', 'A13', '2024-01-25'),
('F-047', 'P-026', '12:15', 26, 'Economy', 'A14', '2024-01-26'),
('F-047', 'P-027', '12:30', 27, 'Economy', 'A15', '2024-01-27'),
('F-047', 'P-028', '12:45', 28, 'Economy', 'A16', '2024-01-28'),
('F-047', 'P-029', '13:00', 29, 'Economy', 'A17', '2024-01-29'),
('F-047', 'P-030', '13:15', 30, 'Economy', 'A18', '2024-01-30'),
('F-047', 'P-031', '13:30', 31, 'Economy', 'A19', '2024-01-31'),
('F-047', 'P-032', '13:45', 32, 'Economy', 'A20', '2024-02-01'),
('F-047', 'P-033', '14:00', 33, 'Economy', 'A21', '2024-02-02'),
('F-047', 'P-034', '14:15', 34, 'Economy', 'A22', '2024-02-03'),
('F-047', 'P-035', '14:30', 35, 'Economy', 'A23', '2024-02-04'),
('F-047', 'P-036', '14:45', 36, 'Economy', 'A24', '2024-02-05'),
('F-047', 'P-037', '15:00', 37, 'Economy', 'A25', '2024-02-06'),
('F-047', 'P-038', '06:00', 38, 'Business', 'B01', '2024-02-07'),
('F-047', 'P-039', '06:15', 39, 'Business', 'B02', '2024-02-08'),
('F-047', 'P-040', '06:30', 40, 'Business', 'B03', '2024-02-09'),
('F-048', 'P-001', '06:45', 01, 'Business', 'B04', '2024-02-10'),
('F-048', 'P-002', '07:00', 02, 'Business', 'B05', '2024-02-11'),
('F-048', 'P-003', '07:15', 03, 'Business', 'B06', '2024-02-12'),
('F-048', 'P-004', '07:30', 04, 'Business', 'B07', '2024-02-13'),
('F-048', 'P-005', '07:45', 05, 'Business', 'B08', '2024-02-14'),
('F-048', 'P-006', '08:00', 06, 'Business', 'B09', '2024-02-15'),
('F-048', 'P-007', '08:15', 07, 'Business', 'B10', '2024-02-16'),
('F-048', 'P-008', '08:30', 08, 'Business', 'B11', '2024-02-17'),
('F-048', 'P-009', '08:45', 09, 'Business', 'B12', '2024-02-18'),
('F-048', 'P-010', '09:00', 10, 'Economy', 'A01', '2024-02-19'),
('F-048', 'P-011', '09:15', 11, 'Economy', 'A02', '2024-02-20'),
('F-048', 'P-012', '09:30', 12, 'Economy', 'A03', '2024-02-21'),
('F-048', 'P-013', '09:45', 13, 'Economy', 'A04', '2024-02-22'),
('F-048', 'P-014', '10:00', 14, 'Economy', 'A05', '2024-02-23'),
('F-048', 'P-015', '10:15', 15, 'Economy', 'A06', '2024-02-24'),
('F-048', 'P-016', '10:30', 16, 'Economy', 'A07', '2024-02-25'),
('F-048', 'P-017', '10:45', 17, 'Economy', 'A08', '2024-02-26'),
('F-048', 'P-018', '11:00', 18, 'Economy', 'A09', '2024-02-27'),
('F-048', 'P-019', '11:15', 19, 'Economy', 'A10', '2024-02-28'),
('F-048', 'P-020', '11:30', 20, 'Economy', 'A11', '2024-02-29'),
('F-048', 'P-021', '11:45', 21, 'Economy', 'A12', '2024-03-01'),
('F-048', 'P-022', '12:00', 22, 'Economy', 'A13', '2024-03-02'),
('F-048', 'P-023', '12:15', 23, 'Economy', 'A14', '2024-03-03'),
('F-048', 'P-024', '12:30', 24, 'Economy', 'A15', '2024-03-04'),
('F-048', 'P-025', '12:45', 25, 'Economy', 'A16', '2024-03-05'),
('F-048', 'P-026', '13:00', 26, 'Economy', 'A17', '2024-03-06'),
('F-048', 'P-027', '13:15', 27, 'Economy', 'A18', '2024-03-07'),
('F-048', 'P-028', '13:30', 28, 'Economy', 'A19', '2024-03-08'),
('F-048', 'P-029', '13:45', 29, 'Economy', 'A20', '2024-03-09'),
('F-048', 'P-030', '14:00', 30, 'Economy', 'A21', '2024-03-10'),
('F-048', 'P-031', '14:15', 31, 'Economy', 'A22', '2024-03-11'),
('F-048', 'P-032', '14:30', 32, 'Economy', 'A23', '2024-03-12'),
('F-048', 'P-033', '14:45', 33, 'Economy', 'A24', '2024-03-13'),
('F-048', 'P-034', '15:00', 34, 'Economy', 'A25', '2024-03-14'),
('F-048', 'P-035', '06:00', 35, 'Business', 'B01', '2024-03-15'),
('F-048', 'P-036', '06:15', 36, 'Business', 'B02', '2024-03-16'),
('F-048', 'P-037', '06:30', 37, 'Business', 'B03', '2024-03-17'),
('F-048', 'P-038', '06:45', 38, 'Business', 'B04', '2024-03-18'),
('F-048', 'P-039', '07:00', 39, 'Business', 'B05', '2024-03-19'),
('F-048', 'P-040', '07:15', 40, 'Business', 'B06', '2024-03-20'),
('F-049', 'P-001', '07:30', 01, 'Business', 'B07', '2024-03-21'),
('F-049', 'P-002', '07:45', 02, 'Business', 'B08', '2024-03-22'),
('F-049', 'P-003', '08:00', 03, 'Business', 'B09', '2024-03-23'),
('F-049', 'P-004', '08:15', 04, 'Business', 'B10', '2024-03-24'),
('F-049', 'P-005', '08:30', 05, 'Business', 'B11', '2024-03-25'),
('F-049', 'P-006', '08:45', 06, 'Business', 'B12', '2024-03-26'),
('F-049', 'P-007', '09:00', 07, 'Economy', 'A01', '2024-03-27'),
('F-049', 'P-008', '09:15', 08, 'Economy', 'A02', '2024-03-28'),
('F-049', 'P-009', '09:30', 09, 'Economy', 'A03', '2024-03-29'),
('F-049', 'P-010', '09:45', 10, 'Economy', 'A04', '2024-03-30'),
('F-049', 'P-011', '10:00', 11, 'Economy', 'A05', '2024-03-31'),
('F-049', 'P-012', '10:15', 12, 'Economy', 'A06', '2024-04-01'),
('F-049', 'P-013', '10:30', 13, 'Economy', 'A07', '2024-04-02'),
('F-049', 'P-014', '10:45', 14, 'Economy', 'A08', '2024-04-03'),
('F-049', 'P-015', '11:00', 15, 'Economy', 'A09', '2024-04-04'),
('F-049', 'P-016', '11:15', 16, 'Economy', 'A10', '2024-04-05'),
('F-049', 'P-017', '11:30', 17, 'Economy', 'A11', '2024-04-06'),
('F-049', 'P-018', '11:45', 18, 'Economy', 'A12', '2024-04-07'),
('F-049', 'P-019', '12:00', 19, 'Economy', 'A13', '2024-04-08'),
('F-049', 'P-020', '12:15', 20, 'Economy', 'A14', '2024-04-09'),
('F-049', 'P-021', '12:30', 21, 'Economy', 'A15', '2024-04-10'),
('F-049', 'P-022', '12:45', 22, 'Economy', 'A16', '2024-04-11'),
('F-049', 'P-023', '13:00', 23, 'Economy', 'A17', '2024-04-12'),
('F-049', 'P-024', '13:15', 24, 'Economy', 'A18', '2024-04-13'),
('F-049', 'P-025', '13:30', 25, 'Economy', 'A19', '2024-04-14'),
('F-049', 'P-026', '13:45', 26, 'Economy', 'A20', '2024-04-15'),
('F-049', 'P-027', '14:00', 27, 'Economy', 'A21', '2024-04-16'),
('F-049', 'P-028', '14:15', 28, 'Economy', 'A22', '2024-04-17'),
('F-049', 'P-029', '14:30', 29, 'Economy', 'A23', '2024-04-18'),
('F-049', 'P-030', '14:45', 30, 'Economy', 'A24', '2024-04-19'),
('F-049', 'P-031', '15:00', 31, 'Economy', 'A25', '2024-04-20'),
('F-049', 'P-032', '06:00', 32, 'Business', 'B01', '2024-04-21'),
('F-049', 'P-033', '06:15', 33, 'Business', 'B02', '2024-04-22'),
('F-049', 'P-034', '06:30', 34, 'Business', 'B03', '2024-04-23'),
('F-049', 'P-035', '06:45', 35, 'Business', 'B04', '2024-04-24'),
('F-049', 'P-036', '07:00', 36, 'Business', 'B05', '2024-04-25'),
('F-049', 'P-037', '07:15', 37, 'Business', 'B06', '2024-04-26'),
('F-049', 'P-038', '07:30', 38, 'Business', 'B07', '2024-04-27'),
('F-049', 'P-039', '07:45', 39, 'Business', 'B08', '2024-04-28'),
('F-049', 'P-040', '08:00', 40, 'Business', 'B09', '2024-04-29'),
('F-050', 'P-001', '08:15', 01, 'Business', 'B10', '2024-04-30'),
('F-050', 'P-002', '08:30', 02, 'Business', 'B11', '2024-05-01'),
('F-050', 'P-003', '08:45', 03, 'Business', 'B12', '2024-05-02'),
('F-050', 'P-004', '09:00', 04, 'Economy', 'A01', '2024-05-03'),
('F-050', 'P-005', '09:15', 05, 'Economy', 'A02', '2024-05-04'),
('F-050', 'P-006', '09:30', 06, 'Economy', 'A03', '2024-05-05'),
('F-050', 'P-007', '09:45', 07, 'Economy', 'A04', '2024-05-06'),
('F-050', 'P-008', '10:00', 08, 'Economy', 'A05', '2024-05-07'),
('F-050', 'P-009', '10:15', 09, 'Economy', 'A06', '2024-05-08'),
('F-050', 'P-010', '10:30', 10, 'Economy', 'A07', '2024-05-09'),
('F-050', 'P-011', '10:45', 11, 'Economy', 'A08', '2024-05-10'),
('F-050', 'P-012', '11:00', 12, 'Economy', 'A09', '2024-05-11'),
('F-050', 'P-013', '11:15', 13, 'Economy', 'A10', '2024-05-12'),
('F-050', 'P-014', '11:30', 14, 'Economy', 'A11', '2024-05-13'),
('F-050', 'P-015', '11:45', 15, 'Economy', 'A12', '2024-05-14'),
('F-050', 'P-016', '12:00', 16, 'Economy', 'A13', '2024-05-15'),
('F-050', 'P-017', '12:15', 17, 'Economy', 'A14', '2024-05-16'),
('F-050', 'P-018', '12:30', 18, 'Economy', 'A15', '2024-05-17'),
('F-050', 'P-019', '12:45', 19, 'Economy', 'A16', '2024-05-18'),
('F-050', 'P-020', '13:00', 20, 'Economy', 'A17', '2024-05-19'),
('F-050', 'P-021', '13:15', 21, 'Economy', 'A18', '2024-05-20'),
('F-050', 'P-022', '13:30', 22, 'Economy', 'A19', '2024-05-21'),
('F-050', 'P-023', '13:45', 23, 'Economy', 'A20', '2024-05-22'),
('F-050', 'P-024', '14:00', 24, 'Economy', 'A21', '2024-05-23'),
('F-050', 'P-025', '14:15', 25, 'Economy', 'A22', '2024-05-24'),
('F-050', 'P-026', '14:30', 26, 'Economy', 'A23', '2024-05-25'),
('F-050', 'P-027', '14:45', 27, 'Economy', 'A24', '2024-05-26'),
('F-050', 'P-028', '15:00', 28, 'Economy', 'A25', '2024-05-27'),
('F-050', 'P-029', '06:00', 29, 'Business', 'B01', '2024-05-28'),
('F-050', 'P-030', '06:15', 30, 'Business', 'B02', '2024-05-29'),
('F-050', 'P-031', '06:30', 31, 'Business', 'B03', '2024-05-30'),
('F-050', 'P-032', '06:45', 32, 'Business', 'B04', '2024-05-31'),
('F-050', 'P-033', '07:00', 33, 'Business', 'B05', '2024-06-01'),
('F-050', 'P-034', '07:15', 34, 'Business', 'B06', '2024-06-02'),
('F-050', 'P-035', '07:30', 35, 'Business', 'B07', '2024-06-03'),
('F-050', 'P-036', '07:45', 36, 'Business', 'B08', '2024-06-04'),
('F-050', 'P-037', '08:00', 37, 'Business', 'B09', '2024-06-05'),
('F-050', 'P-038', '08:15', 38, 'Business', 'B10', '2024-06-06'),
('F-050', 'P-039', '08:30', 39, 'Business', 'B11', '2024-06-07'),
('F-050', 'P-040', '08:45', 40, 'Business', 'B12', '2024-06-08'),
('F-051', 'P-001', '09:00', 01, 'Economy', 'A01', '2024-06-09'),
('F-051', 'P-002', '09:15', 02, 'Economy', 'A02', '2024-06-10'),
('F-051', 'P-003', '09:30', 03, 'Economy', 'A03', '2024-06-11'),
('F-051', 'P-004', '09:45', 04, 'Economy', 'A04', '2024-06-12'),
('F-051', 'P-005', '10:00', 05, 'Economy', 'A05', '2024-06-13'),
('F-051', 'P-006', '10:15', 06, 'Economy', 'A06', '2024-06-14'),
('F-051', 'P-007', '10:30', 07, 'Economy', 'A07', '2024-06-15'),
('F-051', 'P-008', '10:45', 08, 'Economy', 'A08', '2024-06-16'),
('F-051', 'P-009', '11:00', 09, 'Economy', 'A09', '2024-06-17'),
('F-051', 'P-010', '11:15', 10, 'Economy', 'A10', '2024-06-18'),
('F-051', 'P-011', '11:30', 11, 'Economy', 'A11', '2024-06-19'),
('F-051', 'P-012', '11:45', 12, 'Economy', 'A12', '2024-06-20'),
('F-051', 'P-013', '12:00', 13, 'Economy', 'A13', '2024-06-21'),
('F-051', 'P-014', '12:15', 14, 'Economy', 'A14', '2024-06-22'),
('F-051', 'P-015', '12:30', 15, 'Economy', 'A15', '2024-06-23'),
('F-051', 'P-016', '12:45', 16, 'Economy', 'A16', '2024-06-24'),
('F-051', 'P-017', '13:00', 17, 'Economy', 'A17', '2024-06-25'),
('F-051', 'P-018', '13:15', 18, 'Economy', 'A18', '2024-06-26'),
('F-051', 'P-019', '13:30', 19, 'Economy', 'A19', '2024-06-27'),
('F-051', 'P-020', '13:45', 20, 'Economy', 'A20', '2024-06-28'),
('F-051', 'P-021', '14:00', 21, 'Economy', 'A21', '2024-06-29'),
('F-051', 'P-022', '14:15', 22, 'Economy', 'A22', '2024-06-30'),
('F-051', 'P-023', '14:30', 23, 'Economy', 'A23', '2024-07-01'),
('F-051', 'P-024', '14:45', 24, 'Economy', 'A24', '2024-07-02'),
('F-051', 'P-025', '15:00', 25, 'Economy', 'A25', '2024-07-03'),
('F-051', 'P-026', '06:00', 26, 'Business', 'B01', '2024-07-04'),
('F-051', 'P-027', '06:15', 27, 'Business', 'B02', '2024-07-05'),
('F-051', 'P-028', '06:30', 28, 'Business', 'B03', '2024-07-06'),
('F-051', 'P-029', '06:45', 29, 'Business', 'B04', '2024-07-07'),
('F-051', 'P-030', '07:00', 30, 'Business', 'B05', '2024-07-08'),
('F-051', 'P-031', '07:15', 31, 'Business', 'B06', '2024-07-09'),
('F-051', 'P-032', '07:30', 32, 'Business', 'B07', '2024-07-10'),
('F-051', 'P-033', '07:45', 33, 'Business', 'B08', '2024-07-11'),
('F-051', 'P-034', '08:00', 34, 'Business', 'B09', '2024-07-12'),
('F-051', 'P-035', '08:15', 35, 'Business', 'B10', '2024-07-13'),
('F-051', 'P-036', '08:30', 36, 'Business', 'B11', '2024-07-14'),
('F-051', 'P-037', '08:45', 37, 'Business', 'B12', '2024-07-15'),
('F-051', 'P-038', '09:00', 38, 'Economy', 'A01', '2024-07-16'),
('F-051', 'P-039', '09:15', 39, 'Economy', 'A02', '2024-07-17'),
('F-051', 'P-040', '09:30', 40, 'Economy', 'A03', '2024-07-18'),
('F-052', 'P-001', '09:45', 01, 'Economy', 'A04', '2024-07-19'),
('F-052', 'P-002', '10:00', 02, 'Economy', 'A05', '2024-07-20'),
('F-052', 'P-003', '10:15', 03, 'Economy', 'A06', '2024-07-21'),
('F-052', 'P-004', '10:30', 04, 'Economy', 'A07', '2024-07-22'),
('F-052', 'P-005', '10:45', 05, 'Economy', 'A08', '2024-07-23'),
('F-052', 'P-006', '11:00', 06, 'Economy', 'A09', '2024-07-24'),
('F-052', 'P-007', '11:15', 07, 'Economy', 'A10', '2024-07-25'),
('F-052', 'P-008', '11:30', 08, 'Economy', 'A11', '2024-07-26'),
('F-052', 'P-009', '11:45', 09, 'Economy', 'A12', '2024-07-27'),
('F-052', 'P-010', '12:00', 10, 'Economy', 'A13', '2024-07-28'),
('F-052', 'P-011', '12:15', 11, 'Economy', 'A14', '2024-07-29'),
('F-052', 'P-012', '12:30', 12, 'Economy', 'A15', '2024-07-30'),
('F-052', 'P-013', '12:45', 13, 'Economy', 'A16', '2024-07-31'),
('F-052', 'P-014', '13:00', 14, 'Economy', 'A17', '2024-08-01'),
('F-052', 'P-015', '13:15', 15, 'Economy', 'A18', '2024-08-02'),
('F-052', 'P-016', '13:30', 16, 'Economy', 'A19', '2024-08-03'),
('F-052', 'P-017', '13:45', 17, 'Economy', 'A20', '2024-08-04'),
('F-052', 'P-018', '14:00', 18, 'Economy', 'A21', '2024-08-05'),
('F-052', 'P-019', '14:15', 19, 'Economy', 'A22', '2024-08-06'),
('F-052', 'P-020', '14:30', 20, 'Economy', 'A23', '2024-08-07'),
('F-052', 'P-021', '14:45', 21, 'Economy', 'A24', '2024-08-08'),
('F-052', 'P-022', '15:00', 22, 'Economy', 'A25', '2024-08-09'),
('F-052', 'P-023', '06:00', 23, 'Business', 'B01', '2024-08-10'),
('F-052', 'P-024', '06:15', 24, 'Business', 'B02', '2024-08-11'),
('F-052', 'P-025', '06:30', 25, 'Business', 'B03', '2024-08-12'),
('F-052', 'P-026', '06:45', 26, 'Business', 'B04', '2024-08-13'),
('F-052', 'P-027', '07:00', 27, 'Business', 'B05', '2024-08-14'),
('F-052', 'P-028', '07:15', 28, 'Business', 'B06', '2024-08-15'),
('F-052', 'P-029', '07:30', 29, 'Business', 'B07', '2024-08-16'),
('F-052', 'P-030', '07:45', 30, 'Business', 'B08', '2024-08-17'),
('F-052', 'P-031', '08:00', 31, 'Business', 'B09', '2024-08-18'),
('F-052', 'P-032', '08:15', 32, 'Business', 'B10', '2024-08-19'),
('F-052', 'P-033', '08:30', 33, 'Business', 'B11', '2024-08-20'),
('F-052', 'P-034', '08:45', 34, 'Business', 'B12', '2024-08-21'),
('F-052', 'P-035', '09:00', 35, 'Economy', 'A01', '2024-08-22'),
('F-052', 'P-036', '09:15', 36, 'Economy', 'A02', '2024-08-23'),
('F-052', 'P-037', '09:30', 37, 'Economy', 'A03', '2024-08-24'),
('F-052', 'P-038', '09:45', 38, 'Economy', 'A04', '2024-08-25'),
('F-052', 'P-039', '10:00', 39, 'Economy', 'A05', '2024-08-26'),
('F-052', 'P-040', '10:15', 40, 'Economy', 'A06', '2024-08-27'),
('F-053', 'P-001', '10:30', 01, 'Economy', 'A07', '2024-08-28'),
('F-053', 'P-002', '10:45', 02, 'Economy', 'A08', '2024-08-29'),
('F-053', 'P-003', '11:00', 03, 'Economy', 'A09', '2024-08-30'),
('F-053', 'P-004', '11:15', 04, 'Economy', 'A10', '2024-08-31'),
('F-053', 'P-005', '11:30', 05, 'Economy', 'A11', '2024-09-01'),
('F-053', 'P-006', '11:45', 06, 'Economy', 'A12', '2024-09-02'),
('F-053', 'P-007', '12:00', 07, 'Economy', 'A13', '2024-09-03'),
('F-053', 'P-008', '12:15', 08, 'Economy', 'A14', '2024-09-04'),
('F-053', 'P-009', '12:30', 09, 'Economy', 'A15', '2024-09-05'),
('F-053', 'P-010', '12:45', 10, 'Economy', 'A16', '2024-09-06'),
('F-053', 'P-011', '13:00', 11, 'Economy', 'A17', '2024-09-07'),
('F-053', 'P-012', '13:15', 12, 'Economy', 'A18', '2024-09-08'),
('F-053', 'P-013', '13:30', 13, 'Economy', 'A19', '2024-09-09'),
('F-053', 'P-014', '13:45', 14, 'Economy', 'A20', '2024-09-10'),
('F-053', 'P-015', '14:00', 15, 'Economy', 'A21', '2024-09-11'),
('F-053', 'P-016', '14:15', 16, 'Economy', 'A22', '2024-09-12'),
('F-053', 'P-017', '14:30', 17, 'Economy', 'A23', '2024-09-13'),
('F-053', 'P-018', '14:45', 18, 'Economy', 'A24', '2024-09-14'),
('F-053', 'P-019', '15:00', 19, 'Economy', 'A25', '2024-09-15'),
('F-053', 'P-020', '06:00', 20, 'Business', 'B01', '2024-09-16'),
('F-053', 'P-021', '06:15', 21, 'Business', 'B02', '2024-09-17'),
('F-053', 'P-022', '06:30', 22, 'Business', 'B03', '2024-09-18'),
('F-053', 'P-023', '06:45', 23, 'Business', 'B04', '2024-09-19'),
('F-053', 'P-024', '07:00', 24, 'Business', 'B05', '2024-09-20'),
('F-053', 'P-025', '07:15', 25, 'Business', 'B06', '2024-09-21'),
('F-053', 'P-026', '07:30', 26, 'Business', 'B07', '2024-09-22'),
('F-053', 'P-027', '07:45', 27, 'Business', 'B08', '2024-09-23'),
('F-053', 'P-028', '08:00', 28, 'Business', 'B09', '2024-09-24'),
('F-053', 'P-029', '08:15', 29, 'Business', 'B10', '2024-09-25'),
('F-053', 'P-030', '08:30', 30, 'Business', 'B11', '2024-09-26'),
('F-053', 'P-031', '08:45', 31, 'Business', 'B12', '2024-09-27'),
('F-053', 'P-032', '09:00', 32, 'Economy', 'A01', '2024-09-28'),
('F-053', 'P-033', '09:15', 33, 'Economy', 'A02', '2024-09-29'),
('F-053', 'P-034', '09:30', 34, 'Economy', 'A03', '2024-09-30'),
('F-053', 'P-035', '09:45', 35, 'Economy', 'A04', '2024-10-01'),
('F-053', 'P-036', '10:00', 36, 'Economy', 'A05', '2024-10-02'),
('F-053', 'P-037', '10:15', 37, 'Economy', 'A06', '2024-10-03'),
('F-053', 'P-038', '10:30', 38, 'Economy', 'A07', '2024-10-04'),
('F-053', 'P-039', '10:45', 39, 'Economy', 'A08', '2024-10-05'),
('F-053', 'P-040', '11:00', 40, 'Economy', 'A09', '2024-10-06'),
('F-054', 'P-001', '06:00', 1, 'Economy', 'A01', '2024-09-01'),
('F-054', 'P-002', '06:30', 2, 'Bussiness', 'A02', '2024-09-01'),
('F-054', 'P-003', '07:00', 3, 'Economy', 'A03', '2024-09-02'),
('F-054', 'P-004', '07:30', 4, 'Bussiness', 'A04', '2024-09-02'),
('F-054', 'P-005', '08:00', 5, 'Economy', 'A05', '2024-09-03'),
('F-054', 'P-006', '08:30', 6, 'Bussiness', 'A06', '2024-09-03'),
('F-054', 'P-007', '09:00', 7, 'Economy', 'A07', '2024-09-04'),
('F-054', 'P-008', '09:30', 8, 'Bussiness', 'A08', '2024-09-04'),
('F-054', 'P-009', '10:00', 9, 'Economy', 'A09', '2024-09-05'),
('F-054', 'P-010', '10:30', 10, 'Bussiness', 'A10', '2024-09-05'),
('F-054', 'P-011', '11:00', 11, 'Economy', 'A11', '2024-09-06'),
('F-054', 'P-012', '11:30', 12, 'Bussiness', 'A12', '2024-09-06'),
('F-054', 'P-013', '12:00', 13, 'Economy', 'A13', '2024-09-07'),
('F-054', 'P-014', '12:30', 14, 'Bussiness', 'A14', '2024-09-07'),
('F-054', 'P-015', '13:00', 15, 'Economy', 'A15', '2024-09-08'),
('F-054', 'P-016', '13:30', 16, 'Bussiness', 'A16', '2024-09-08'),
('F-054', 'P-017', '14:00', 17, 'Economy', 'A17', '2024-09-09'),
('F-054', 'P-018', '14:30', 18, 'Bussiness', 'A18', '2024-09-09'),
('F-054', 'P-019', '15:00', 19, 'Economy', 'A19', '2024-09-10'),
('F-054', 'P-020', '15:30', 20, 'Bussiness', 'A20', '2024-09-10'),
('F-054', 'P-021', '16:00', 21, 'Economy', 'A21', '2024-09-11'),
('F-054', 'P-022', '16:30', 22, 'Bussiness', 'A22', '2024-09-11'),
('F-054', 'P-023', '17:00', 23, 'Economy', 'A23', '2024-09-12'),
('F-054', 'P-024', '17:30', 24, 'Bussiness', 'A24', '2024-09-12'),
('F-054', 'P-025', '18:00', 25, 'Economy', 'A25', '2024-09-13'),
('F-054', 'P-026', '18:30', 26, 'Bussiness', 'A26', '2024-09-13'),
('F-054', 'P-027', '19:00', 27, 'Economy', 'A27', '2024-09-14'),
('F-054', 'P-028', '19:30', 28, 'Bussiness', 'A28', '2024-09-14'),
('F-054', 'P-029', '20:00', 29, 'Economy', 'A29', '2024-09-15'),
('F-054', 'P-030', '20:30', 30, 'Bussiness', 'A30', '2024-09-15'),
('F-054', 'P-031', '21:00', 31, 'Economy', 'A31', '2024-09-16'),
('F-054', 'P-032', '21:30', 32, 'Bussiness', 'A32', '2024-09-16'),
('F-054', 'P-033', '22:00', 33, 'Economy', 'A33', '2024-09-17'),
('F-054', 'P-034', '22:30', 34, 'Bussiness', 'A34', '2024-09-17'),
('F-054', 'P-035', '23:00', 35, 'Economy', 'A35', '2024-09-18'),
('F-055', 'P-001', '06:00', 36, 'Bussiness', 'A36', '2024-09-18'),
('F-055', 'P-002', '06:30', 37, 'Economy', 'A37', '2024-09-19'),
('F-055', 'P-003', '07:00', 38, 'Bussiness', 'A38', '2024-09-19'),
('F-055', 'P-004', '07:30', 39, 'Economy', 'A39', '2024-09-20'),
('F-055', 'P-005', '08:00', 40, 'Bussiness', 'A40', '2024-09-20'),
('F-055', 'P-006', '08:30', 41, 'Economy', 'A41', '2024-09-21'),
('F-055', 'P-007', '09:00', 42, 'Bussiness', 'A42', '2024-09-21'),
('F-055', 'P-008', '09:30', 43, 'Economy', 'A43', '2024-09-22'),
('F-055', 'P-009', '10:00', 44, 'Bussiness', 'A44', '2024-09-22'),
('F-055', 'P-010', '10:30', 45, 'Economy', 'A45', '2024-09-23'),
('F-055', 'P-011', '11:00', 46, 'Bussiness', 'A46', '2024-09-23'),
('F-055', 'P-012', '11:30', 47, 'Economy', 'A47', '2024-09-24'),
('F-055', 'P-013', '12:00', 48, 'Bussiness', 'A48', '2024-09-24'),
('F-055', 'P-014', '12:30', 49, 'Economy', 'A49', '2024-09-25'),
('F-055', 'P-015', '13:00', 50, 'Bussiness', 'A50', '2024-09-25'),
('F-055', 'P-016', '13:30', 51, 'Economy', 'A51', '2024-09-26'),
('F-055', 'P-017', '14:00', 52, 'Bussiness', 'A52', '2024-09-26'),
('F-055', 'P-018', '14:30', 53, 'Economy', 'A53', '2024-09-27'),
('F-055', 'P-019', '15:00', 54, 'Bussiness', 'A54', '2024-09-27'),
('F-055', 'P-020', '15:30', 55, 'Economy', 'A55', '2024-09-28'),
('F-055', 'P-021', '16:00', 56, 'Bussiness', 'A56', '2024-09-28'),
('F-055', 'P-022', '16:30', 57, 'Economy', 'A57', '2024-09-29'),
('F-055', 'P-023', '17:00', 58, 'Bussiness', 'A58', '2024-09-29'),
('F-055', 'P-024', '17:30', 59, 'Economy', 'A59', '2024-09-30'),
('F-055', 'P-025', '18:00', 60, 'Bussiness', 'A60', '2024-09-30'),
('F-055', 'P-026', '18:30', 61, 'Economy', 'A61', '2024-10-01'),
('F-055', 'P-027', '19:00', 62, 'Bussiness', 'A62', '2024-10-01'),
('F-055', 'P-028', '19:30', 63, 'Economy', 'A63', '2024-10-02'),
('F-055', 'P-029', '20:00', 64, 'Bussiness', 'A64', '2024-10-02'),
('F-055', 'P-030', '20:30', 65, 'Economy', 'A65', '2024-10-03'),
('F-055', 'P-031', '21:00', 66, 'Bussiness', 'A66', '2024-10-03'),
('F-055', 'P-032', '21:30', 67, 'Economy', 'A67', '2024-10-04'),
('F-055', 'P-033', '22:00', 68, 'Bussiness', 'A68', '2024-10-04'),
('F-055', 'P-034', '22:30', 69, 'Economy', 'A69', '2024-10-05'),
('F-055', 'P-035', '23:00', 70, 'Bussiness', 'A70', '2024-10-05'),
('F-056', 'P-001', '06:00', 71, 'Economy', 'A71', '2024-10-06'),
('F-056', 'P-002', '06:30', 72, 'Bussiness', 'A72', '2024-10-06'),
('F-056', 'P-003', '07:00', 73, 'Economy', 'A73', '2024-10-07'),
('F-056', 'P-004', '07:30', 74, 'Bussiness', 'A74', '2024-10-07'),
('F-056', 'P-005', '08:00', 75, 'Economy', 'A75', '2024-10-08'),
('F-056', 'P-006', '08:30', 76, 'Bussiness', 'A76', '2024-10-08'),
('F-056', 'P-007', '09:00', 77, 'Economy', 'A77', '2024-10-09'),
('F-056', 'P-008', '09:30', 78, 'Bussiness', 'A78', '2024-10-09'),
('F-056', 'P-009', '10:00', 79, 'Economy', 'A79', '2024-10-10'),
('F-056', 'P-010', '10:30', 80, 'Bussiness', 'A80', '2024-10-10'),
('F-056', 'P-011', '11:00', 81, 'Economy', 'A81', '2024-10-11'),
('F-056', 'P-012', '11:30', 82, 'Bussiness', 'A82', '2024-10-11'),
('F-056', 'P-013', '12:00', 83, 'Economy', 'A83', '2024-10-12'),
('F-056', 'P-014', '12:30', 84, 'Bussiness', 'A84', '2024-10-12'),
('F-056', 'P-015', '13:00', 85, 'Economy', 'A85', '2024-10-13'),
('F-056', 'P-016', '13:30', 86, 'Bussiness', 'A86', '2024-10-13'),
('F-056', 'P-017', '14:00', 87, 'Economy', 'A87', '2024-10-14'),
('F-056', 'P-018', '14:30', 88, 'Bussiness', 'A88', '2024-10-14'),
('F-056', 'P-019', '15:00', 89, 'Economy', 'A89', '2024-10-15'),
('F-056', 'P-020', '15:30', 90, 'Bussiness', 'A90', '2024-10-15'),
('F-056', 'P-021', '16:00', 91, 'Economy', 'A91', '2024-10-16'),
('F-056', 'P-022', '16:30', 92, 'Bussiness', 'A92', '2024-10-16'),
('F-056', 'P-023', '17:00', 93, 'Economy', 'A93', '2024-10-17'),
('F-056', 'P-024', '17:30', 94, 'Bussiness', 'A94', '2024-10-17'),
('F-056', 'P-025', '18:00', 95, 'Economy', 'A95', '2024-10-18'),
('F-056', 'P-026', '18:30', 96, 'Bussiness', 'A96', '2024-10-18'),
('F-056', 'P-027', '19:00', 97, 'Economy', 'A97', '2024-10-19'),
('F-056', 'P-028', '19:30', 98, 'Bussiness', 'A98', '2024-10-19'),
('F-056', 'P-029', '20:00', 99, 'Economy', 'A99', '2024-10-20'),
('F-056', 'P-030', '20:30', 100, 'Bussiness', 'A100', '2024-10-20'),
('F-056', 'P-031', '21:00', 101, 'Economy', 'A101', '2024-10-21'),
('F-056', 'P-032', '21:30', 102, 'Bussiness', 'A102', '2024-10-21'),
('F-056', 'P-033', '22:00', 103, 'Economy', 'A103', '2024-10-22'),
('F-056', 'P-034', '22:30', 104, 'Bussiness', 'A104', '2024-10-22'),
('F-056', 'P-035', '23:00', 105, 'Economy', 'A105', '2024-10-23'),
('F-057', 'P-001', '06:00', 106, 'Bussiness', 'A106', '2024-10-23'),
('F-057', 'P-002', '06:30', 107, 'Economy', 'A107', '2024-10-24'),
('F-057', 'P-003', '07:00', 108, 'Bussiness', 'A108', '2024-10-24'),
('F-057', 'P-004', '07:30', 109, 'Economy', 'A109', '2024-10-25'),
('F-057', 'P-005', '08:00', 110, 'Bussiness', 'A110', '2024-10-25'),
('F-057', 'P-006', '08:30', 111, 'Economy', 'A111', '2024-10-26'),
('F-057', 'P-007', '09:00', 112, 'Bussiness', 'A112', '2024-10-26'),
('F-057', 'P-008', '09:30', 113, 'Economy', 'A113', '2024-10-27'),
('F-057', 'P-009', '10:00', 114, 'Bussiness', 'A114', '2024-10-27'),
('F-057', 'P-010', '10:30', 115, 'Economy', 'A115', '2024-10-28'),
('F-057', 'P-011', '11:00', 116, 'Bussiness', 'A116', '2024-10-28'),
('F-057', 'P-012', '11:30', 117, 'Economy', 'A117', '2024-10-29'),
('F-057', 'P-013', '12:00', 118, 'Bussiness', 'A118', '2024-10-29'),
('F-057', 'P-014', '12:30', 119, 'Economy', 'A119', '2024-10-30'),
('F-057', 'P-015', '13:00', 120, 'Bussiness', 'A120', '2024-10-30'),
('F-057', 'P-016', '13:30', 1, 'Economy', 'B01', '2024-10-31'),
('F-057', 'P-017', '14:00', 2, 'Bussiness', 'B02', '2024-10-31'),
('F-057', 'P-018', '14:30', 3, 'Economy', 'B03', '2024-11-01'),
('F-057', 'P-019', '15:00', 4, 'Bussiness', 'B04', '2024-11-01'),
('F-057', 'P-020', '15:30', 5, 'Economy', 'B05', '2024-11-02'),
('F-057', 'P-021', '16:00', 6, 'Bussiness', 'B06', '2024-11-02'),
('F-057', 'P-022', '16:30', 7, 'Economy', 'B07', '2024-11-03'),
('F-057', 'P-023', '17:00', 8, 'Bussiness', 'B08', '2024-11-03'),
('F-057', 'P-024', '17:30', 9, 'Economy', 'B09', '2024-11-04'),
('F-057', 'P-025', '18:00', 10, 'Bussiness', 'B10', '2024-11-04'),
('F-057', 'P-026', '18:30', 11, 'Economy', 'B11', '2024-11-05'),
('F-057', 'P-027', '19:00', 12, 'Bussiness', 'B12', '2024-11-05'),
('F-057', 'P-028', '19:30', 13, 'Economy', 'B13', '2024-11-06'),
('F-057', 'P-029', '20:00', 14, 'Bussiness', 'B14', '2024-11-06'),
('F-057', 'P-030', '20:30', 15, 'Economy', 'B15', '2024-11-07'),
('F-057', 'P-031', '21:00', 16, 'Bussiness', 'B16', '2024-11-07'),
('F-057', 'P-032', '21:30', 17, 'Economy', 'B17', '2024-11-08'),
('F-057', 'P-033', '22:00', 18, 'Bussiness', 'B18', '2024-11-08'),
('F-057', 'P-034', '22:30', 19, 'Economy', 'B19', '2024-11-09'),
('F-057', 'P-035', '23:00', 20, 'Bussiness', 'B20', '2024-11-09'),
('F-058', 'P-001', '06:00', 21, 'Economy', 'B21', '2024-11-10'),
('F-058', 'P-002', '06:30', 22, 'Bussiness', 'B22', '2024-11-10'),
('F-058', 'P-003', '07:00', 23, 'Economy', 'B23', '2024-11-11'),
('F-058', 'P-004', '07:30', 24, 'Bussiness', 'B24', '2024-11-11'),
('F-058', 'P-005', '08:00', 25, 'Economy', 'B25', '2024-11-12'),
('F-058', 'P-006', '08:30', 26, 'Bussiness', 'B26', '2024-11-12'),
('F-058', 'P-007', '09:00', 27, 'Economy', 'B27', '2024-11-13'),
('F-058', 'P-008', '09:30', 28, 'Bussiness', 'B28', '2024-11-13'),
('F-058', 'P-009', '10:00', 29, 'Economy', 'B29', '2024-11-14'),
('F-058', 'P-010', '10:30', 30, 'Bussiness', 'B30', '2024-11-14'),
('F-058', 'P-011', '11:00', 31, 'Economy', 'B31', '2024-11-15'),
('F-058', 'P-012', '11:30', 32, 'Bussiness', 'B32', '2024-11-15'),
('F-058', 'P-013', '12:00', 33, 'Economy', 'B33', '2024-11-16'),
('F-058', 'P-014', '12:30', 34, 'Bussiness', 'B34', '2024-11-16'),
('F-058', 'P-015', '13:00', 35, 'Economy', 'B35', '2024-11-17'),
('F-058', 'P-016', '13:30', 36, 'Bussiness', 'B36', '2024-11-17'),
('F-058', 'P-017', '14:00', 37, 'Economy', 'B37', '2024-11-18'),
('F-058', 'P-018', '14:30', 38, 'Bussiness', 'B38', '2024-11-18'),
('F-058', 'P-019', '15:00', 39, 'Economy', 'B39', '2024-11-19'),
('F-058', 'P-020', '15:30', 40, 'Bussiness', 'B40', '2024-11-19'),
('F-058', 'P-021', '16:00', 41, 'Economy', 'B41', '2024-11-20'),
('F-058', 'P-022', '16:30', 42, 'Bussiness', 'B42', '2024-11-20'),
('F-058', 'P-023', '17:00', 43, 'Economy', 'B43', '2024-11-21'),
('F-058', 'P-024', '17:30', 44, 'Bussiness', 'B44', '2024-11-21'),
('F-058', 'P-025', '18:00', 45, 'Economy', 'B45', '2024-11-22'),
('F-058', 'P-026', '18:30', 46, 'Bussiness', 'B46', '2024-11-22'),
('F-058', 'P-027', '19:00', 47, 'Economy', 'B47', '2024-11-23'),
('F-058', 'P-028', '19:30', 48, 'Bussiness', 'B48', '2024-11-23'),
('F-058', 'P-029', '20:00', 49, 'Economy', 'B49', '2024-11-24'),
('F-058', 'P-030', '20:30', 50, 'Bussiness', 'B50', '2024-11-24'),
('F-058', 'P-031', '21:00', 51, 'Economy', 'B51', '2024-11-25'),
('F-058', 'P-032', '21:30', 52, 'Bussiness', 'B52', '2024-11-25'),
('F-058', 'P-033', '22:00', 53, 'Economy', 'B53', '2024-11-26'),
('F-058', 'P-034', '22:30', 54, 'Bussiness', 'B54', '2024-11-26'),
('F-058', 'P-035', '23:00', 55, 'Economy', 'B55', '2024-11-27'),
('F-059', 'P-001', '06:00', 56, 'Bussiness', 'B56', '2024-11-27'),
('F-059', 'P-002', '06:30', 57, 'Economy', 'B57', '2024-11-28'),
('F-059', 'P-003', '07:00', 58, 'Bussiness', 'B58', '2024-11-28'),
('F-059', 'P-004', '07:30', 59, 'Economy', 'B59', '2024-11-29'),
('F-059', 'P-005', '08:00', 60, 'Bussiness', 'B60', '2024-11-29'),
('F-059', 'P-006', '08:30', 61, 'Economy', 'B61', '2024-11-30'),
('F-059', 'P-007', '09:00', 62, 'Bussiness', 'B62', '2024-11-30'),
('F-059', 'P-008', '09:30', 63, 'Economy', 'B63', '2024-12-01'),
('F-059', 'P-009', '10:00', 64, 'Bussiness', 'B64', '2024-12-01'),
('F-059', 'P-010', '10:30', 65, 'Economy', 'B65', '2024-12-02'),
('F-059', 'P-011', '11:00', 66, 'Bussiness', 'B66', '2024-12-02'),
('F-059', 'P-012', '11:30', 67, 'Economy', 'B67', '2024-12-03'),
('F-059', 'P-013', '12:00', 68, 'Bussiness', 'B68', '2024-12-03'),
('F-059', 'P-014', '12:30', 69, 'Economy', 'B69', '2024-12-04'),
('F-059', 'P-015', '13:00', 70, 'Bussiness', 'B70', '2024-12-04'),
('F-059', 'P-016', '13:30', 71, 'Economy', 'B71', '2024-12-05'),
('F-059', 'P-017', '14:00', 72, 'Bussiness', 'B72', '2024-12-05'),
('F-059', 'P-018', '14:30', 73, 'Economy', 'B73', '2024-12-06'),
('F-059', 'P-019', '15:00', 74, 'Bussiness', 'B74', '2024-12-06'),
('F-059', 'P-020', '15:30', 75, 'Economy', 'B75', '2024-12-07'),
('F-059', 'P-021', '16:00', 76, 'Bussiness', 'B76', '2024-12-07'),
('F-059', 'P-022', '16:30', 77, 'Economy', 'B77', '2024-12-08'),
('F-059', 'P-023', '17:00', 78, 'Bussiness', 'B78', '2024-12-08'),
('F-059', 'P-024', '17:30', 79, 'Economy', 'B79', '2024-12-09'),
('F-059', 'P-025', '18:00', 80, 'Bussiness', 'B80', '2024-12-09'),
('F-059', 'P-026', '18:30', 81, 'Economy', 'B81', '2024-12-10'),
('F-059', 'P-027', '19:00', 82, 'Bussiness', 'B82', '2024-12-10'),
('F-059', 'P-028', '19:30', 83, 'Economy', 'B83', '2024-12-11'),
('F-059', 'P-029', '20:00', 84, 'Bussiness', 'B84', '2024-12-11'),
('F-059', 'P-030', '20:30', 85, 'Economy', 'B85', '2024-12-12'),
('F-059', 'P-031', '21:00', 86, 'Bussiness', 'B86', '2024-12-12'),
('F-059', 'P-032', '21:30', 87, 'Economy', 'B87', '2024-12-13'),
('F-059', 'P-033', '22:00', 88, 'Bussiness', 'B88', '2024-12-13'),
('F-059', 'P-034', '22:30', 89, 'Economy', 'B89', '2024-12-14'),
('F-059', 'P-035', '23:00', 90, 'Bussiness', 'B90', '2024-12-14'),
('F-060', 'P-001', '06:00', 91, 'Economy', 'B91', '2024-12-15'),
('F-060', 'P-002', '06:30', 92, 'Bussiness', 'B92', '2024-12-15'),
('F-060', 'P-003', '07:00', 93, 'Economy', 'B93', '2024-12-16'),
('F-060', 'P-004', '07:30', 94, 'Bussiness', 'B94', '2024-12-16'),
('F-060', 'P-005', '08:00', 95, 'Economy', 'B95', '2024-12-17'),
('F-060', 'P-006', '08:30', 96, 'Bussiness', 'B96', '2024-12-17'),
('F-060', 'P-007', '09:00', 97, 'Economy', 'B97', '2024-12-18'),
('F-060', 'P-008', '09:30', 98, 'Bussiness', 'B98', '2024-12-18'),
('F-060', 'P-009', '10:00', 99, 'Economy', 'B99', '2024-12-19'),
('F-060', 'P-010', '10:30', 100, 'Bussiness', 'B100', '2024-12-19'),
('F-060', 'P-011', '11:00', 101, 'Economy', 'B101', '2024-12-20'),
('F-060', 'P-012', '11:30', 102, 'Bussiness', 'B102', '2024-12-20'),
('F-060', 'P-013', '12:00', 103, 'Economy', 'B103', '2024-12-21'),
('F-060', 'P-014', '12:30', 104, 'Bussiness', 'B104', '2024-12-21'),
('F-060', 'P-015', '13:00', 105, 'Economy', 'B105', '2024-12-22'),
('F-060', 'P-016', '13:30', 106, 'Bussiness', 'B106', '2024-12-22'),
('F-060', 'P-017', '14:00', 107, 'Economy', 'B107', '2024-12-23'),
('F-060', 'P-018', '14:30', 108, 'Bussiness', 'B108', '2024-12-23'),
('F-060', 'P-019', '15:00', 109, 'Economy', 'B109', '2024-12-24'),
('F-060', 'P-020', '15:30', 110, 'Bussiness', 'B110', '2024-12-24'),
('F-060', 'P-021', '16:00', 111, 'Economy', 'B111', '2024-12-25'),
('F-060', 'P-022', '16:30', 112, 'Bussiness', 'B112', '2024-12-25'),
('F-060', 'P-023', '17:00', 113, 'Economy', 'B113', '2024-12-26'),
('F-060', 'P-024', '17:30', 114, 'Bussiness', 'B114', '2024-12-26'),
('F-060', 'P-025', '18:00', 115, 'Economy', 'B115', '2024-12-27'),
('F-060', 'P-026', '18:30', 116, 'Bussiness', 'B116', '2024-12-27'),
('F-060', 'P-027', '19:00', 117, 'Economy', 'B117', '2024-12-28'),
('F-060', 'P-028', '19:30', 118, 'Bussiness', 'B118', '2024-12-28'),
('F-060', 'P-029', '20:00', 119, 'Economy', 'B119', '2024-12-29'),
('F-060', 'P-030', '20:30', 120, 'Bussiness', 'B120', '2024-12-29'),
('F-061', 'P-001', '06:00', 1, 'Economy', 'C01', '2024-06-01'),
('F-062', 'P-002', '06:30', 2, 'Bussiness', 'C02', '2024-06-01'),
('F-063', 'P-003', '07:00', 3, 'Economy', 'C03', '2024-06-02'),
('F-064', 'P-004', '07:30', 4, 'Bussiness', 'C04', '2024-06-02'),
('F-065', 'P-005', '08:00', 5, 'Economy', 'C05', '2024-06-03'),
('F-066', 'P-006', '08:30', 6, 'Bussiness', 'C06', '2024-06-03'),
('F-067', 'P-007', '09:00', 7, 'Economy', 'C07', '2024-06-04'),
('F-068', 'P-008', '09:30', 8, 'Bussiness', 'C08', '2024-06-04'),
('F-069', 'P-009', '10:00', 9, 'Economy', 'C09', '2024-06-05'),
('F-070', 'P-010', '10:30', 10, 'Bussiness', 'C10', '2024-06-05'),
('F-071', 'P-011', '11:00', 11, 'Economy', 'C11', '2024-06-06'),
('F-072', 'P-012', '11:30', 12, 'Bussiness', 'C12', '2024-06-06'),
('F-073', 'P-013', '12:00', 13, 'Economy', 'C13', '2024-06-07'),
('F-074', 'P-014', '12:30', 14, 'Bussiness', 'C14', '2024-06-07'),
('F-075', 'P-015', '13:00', 15, 'Economy', 'C15', '2024-06-08'),
('F-076', 'P-016', '13:30', 16, 'Bussiness', 'C16', '2024-06-08'),
('F-077', 'P-017', '14:00', 17, 'Economy', 'C17', '2024-06-09'),
('F-078', 'P-018', '14:30', 18, 'Bussiness', 'C18', '2024-06-09'),
('F-079', 'P-019', '15:00', 19, 'Economy', 'C19', '2024-06-10'),
('F-080', 'P-020', '15:30', 20, 'Bussiness', 'C20', '2024-06-10'),
('F-081', 'P-021', '16:00', 21, 'Economy', 'C21', '2024-06-11'),
('F-082', 'P-022', '16:30', 22, 'Bussiness', 'C22', '2024-06-11'),
('F-083', 'P-023', '17:00', 23, 'Economy', 'C23', '2024-06-12'),
('F-084', 'P-024', '17:30', 24, 'Bussiness', 'C24', '2024-06-12'),
('F-085', 'P-025', '18:00', 25, 'Economy', 'C25', '2024-06-13'),
('F-086', 'P-026', '18:30', 26, 'Bussiness', 'C26', '2024-06-13'),
('F-087', 'P-027', '19:00', 27, 'Economy', 'C27', '2024-06-14'),
('F-088', 'P-028', '19:30', 28, 'Bussiness', 'C28', '2024-06-14'),
('F-089', 'P-029', '20:00', 29, 'Economy', 'C29', '2024-06-15'),
('F-090', 'P-030', '20:30', 30, 'Bussiness', 'C30', '2024-06-15');